Leg Type,Leg Origin Airport,Leg Destination Airport,Leg Operating Airline,Origin Airport,Origin City Name,Destination Airport,Destination City Name,Cabin Class,Year,Month,Leg 2,Leg 3,Leg 4,Leg 1 Operating Airline,Leg 2 Operating Airline,Leg 3 Operating Airline,Leg 4 Operating Airline,Passengers,OD Avg. Base Fare(USD),OD Base Revenue(USD),Leg Avg. Base Fare (USD) Stline,Leg Base Revenue (USD) Stline
LOCAL,KUL,HND,D7,KUL,KUALA LUMPUR,HND,TOKYO,Discount Coach,2019,1,   ,   ,   ,D7,  ,  ,  ,9594.31,211.18,2026136,211.18,2026126
LOCAL,KUL,HND,NH,KUL,KUALA LUMPUR,HND,TOKYO,Discount Coach,2019,1,   ,   ,   ,NH,  ,  ,  ,2955.6,244.91,723856,244.87,723739
LOCAL,KUL,HND,NH,KUL,KUALA LUMPUR,HND,TOKYO,Business,2019,1,   ,   ,   ,NH,  ,  ,  ,501.98,1331.87,668573,1331.69,668483
BEHIND,KUL,HND,NH,PEN,PENANG,HND,TOKYO,Discount Coach,2019,1,KUL,   ,   ,MH,NH,  ,  ,69,256.62,17707,241.86,16689
LOCAL,KUL,HND,D7,KUL,KUALA LUMPUR,HND,TOKYO,Business,2019,1,   ,   ,   ,D7,  ,  ,  ,66.24,211.18,13989,211.18,13989
BEHIND,KUL,HND,NH,LGK,LANGKAWI,HND,TOKYO,Discount Coach,2019,1,KUL,   ,   ,MH,NH,  ,  ,66.06,325.54,21505,300.09,19824
BEHIND,KUL,HND,NH,LGK,LANGKAWI,HND,TOKYO,Discount Coach,2019,1,KUL,   ,   ,OD,NH,  ,  ,37.82,316.55,11972,291.65,11030
BEHIND,KUL,HND,NH,PEN,PENANG,HND,TOKYO,Discount Coach,2019,1,KUL,   ,   ,OD,NH,  ,  ,31.44,253.26,7963,238.73,7506
BEHIND,KUL,HND,NH,LGK,LANGKAWI,HND,TOKYO,Business,2019,1,KUL,   ,   ,MH,NH,  ,  ,16.93,1422.1,24076,1310.27,22183
BEHIND,KUL,HND,NH,KCH,KUCHING,HND,TOKYO,Discount Coach,2019,1,KUL,   ,   ,OD,NH,  ,  ,11.07,178.11,1972,150.81,1669
BEHIND,KUL,HND,NH,PEN,PENANG,HND,TOKYO,Business,2019,1,KUL,   ,   ,MH,NH,  ,  ,9.86,1404.45,13848,1324,13055
BEHIND,KUL,HND,NH,KNO,MEDAN,HND,TOKYO,Discount Coach,2019,1,KUL,   ,   ,MH,NH,  ,  ,7.13,233.98,1668,220.53,1572
BEHIND,KUL,HND,NH,MYY,MIRI,HND,TOKYO,Discount Coach,2019,1,KUL,   ,   ,MH,NH,  ,  ,6.96,439.04,3056,349.42,2432
BEHIND,KUL,HND,NH,SIN,SINGAPORE,HND,TOKYO,Discount Coach,2019,1,KUL,   ,   ,MH,NH,  ,  ,5.96,359.1,2140,340.76,2031
BEHIND,KUL,HND,NH,JHB,JOHOR BAHRU,HND,TOKYO,Discount Coach,2019,1,KUL,   ,   ,MH,NH,  ,  ,5.02,981.61,4928,937.19,4705
BEHIND,KUL,HND,NH,MYY,MIRI,HND,TOKYO,Business,2019,1,KUL,   ,   ,MH,NH,  ,  ,4.64,1646.91,7642,1310.73,6082
BEHIND,KUL,HND,NH,CMB,COLOMBO,HND,TOKYO,Discount Coach,2019,1,KUL,   ,   ,OD,NH,  ,  ,4.14,291.07,1205,198.98,824
BEHIND,KUL,HND,NH,LHE,LAHORE,HND,TOKYO,Business,2019,1,KUL,   ,   ,OD,NH,  ,  ,3.84,3623.93,13916,2012.52,7728
BEHIND,KUL,HND,NH,KUA,KUANTAN,HND,TOKYO,Discount Coach,2019,1,KUL,   ,   ,MH,NH,  ,  ,3.5,420.41,1471,405.61,1420
BEHIND,KUL,HND,NH,BKI,KOTA KINABALU,HND,TOKYO,Business,2019,1,KUL,   ,   ,MH,NH,  ,  ,3.45,3271.55,11287,2508.87,8656
BEHIND,KUL,HND,NH,BKI,KOTA KINABALU,HND,TOKYO,Discount Coach,2019,1,KUL,   ,   ,MH,NH,  ,  ,3.45,784.84,2708,601.87,2076
BEHIND,KUL,HND,NH,JHB,JOHOR BAHRU,HND,TOKYO,Business,2019,1,KUL,   ,   ,MH,NH,  ,  ,3.34,952.38,3181,908.03,3033
BEHIND,KUL,HND,NH,LGK,LANGKAWI,HND,TOKYO,Business,2019,1,KUL,   ,   ,OD,NH,  ,  ,3.16,1383.73,4373,1278.23,4039
BEHIND,KUL,HND,NH,SIN,SINGAPORE,HND,TOKYO,Discount Coach,2019,1,KUL,   ,   ,OD,NH,  ,  ,2.96,237.05,702,224.71,665
BEHIND,KUL,HND,NH,KTM,KATHMANDU,HND,TOKYO,Discount Coach,2019,1,KUL,   ,   ,OD,NH,  ,  ,2.92,278.28,813,172.58,504
BEHIND,KUL,HND,NH,KTM,KATHMANDU,HND,TOKYO,Business,2019,1,KUL,   ,   ,MH,NH,  ,  ,2.66,859.98,2288,535.35,1424
BEHIND,KUL,HND,NH,KTM,KATHMANDU,HND,TOKYO,Discount Coach,2019,1,KUL,   ,   ,RA,NH,  ,  ,2.64,277.89,734,172.58,456
BEHIND,KUL,HND,NH,KHI,KARACHI,HND,TOKYO,Business,2019,1,KUL,   ,   ,PK,NH,  ,  ,2.3,1159.1,2666,631.8,1453
BEHIND,KUL,HND,D7,SIN,SINGAPORE,HND,TOKYO,Discount Coach,2019,1,KUL,   ,   ,AK,D7,  ,  ,1.99,207.62,413,196.9,392
BEHIND,KUL,HND,NH,KCH,KUCHING,HND,TOKYO,Discount Coach,2019,1,KUL,   ,   ,MH,NH,  ,  ,1.9,618.04,1174,522.43,993
BEHIND,KUL,HND,NH,BWN,BANDAR SERI BEGAWAN,HND,TOKYO,Business,2019,1,KUL,   ,   ,BI,NH,  ,  ,1.68,1976.26,3320,1551.13,2606
BEHIND,KUL,HND,NH,BWN,BANDAR SERI BEGAWAN,HND,TOKYO,Discount Coach,2019,1,KUL,   ,   ,BI,NH,  ,  ,1.68,909.33,1528,713.72,1199
BEHIND,KUL,HND,NH,HKG,HONG KONG,HND,TOKYO,Business,2019,1,KUL,   ,   ,KA,NH,  ,  ,1.61,1156.86,1863,785.44,1265
BEHIND,KUL,HND,NH,JFK,NEW YORK,HND,TOKYO,Business,2019,1,HKG,SIN,KUL,CX,CX,SQ,NH,1.57,2971.43,4665,750.19,1178
BEHIND,KUL,HND,NH,CGK,JAKARTA,HND,TOKYO,Business,2019,1,KUL,   ,   ,KL,NH,  ,  ,1.56,1595.62,2489,1319.77,2059
BEHIND,KUL,HND,NH,PER,PERTH,HND,TOKYO,Discount Coach,2019,1,KUL,   ,   ,MH,NH,  ,  ,1.55,354.95,550,200.56,311
BEHIND,KUL,HND,NH,PER,PERTH,HND,TOKYO,Discount Coach,2019,1,KUL,   ,   ,OD,NH,  ,  ,1.54,355.31,547,200.56,309
BEHIND,KUL,HND,NH,SIN,SINGAPORE,HND,TOKYO,Business,2019,1,KUL,   ,   ,MH,NH,  ,  ,1.49,1769.73,2637,1679.33,2502
BEHIND,KUL,HND,NH,HAN,HANOI,HND,TOKYO,Discount Coach,2019,1,KUL,   ,   ,MH,NH,  ,  ,1.48,390.65,578,280.57,415
BEHIND,KUL,HND,D7,PER,PERTH,HND,TOKYO,Discount Coach,2019,1,KUL,   ,   ,D7,D7,  ,  ,1.42,272.95,388,154.11,219
BEHIND,KUL,HND,NH,MCT,MUSCAT,HND,TOKYO,Business,2019,1,KUL,   ,   ,WY,NH,  ,  ,1.33,2115.36,2813,1068.15,1421
BEHIND,KUL,HND,NH,KUA,KUANTAN,HND,TOKYO,Business,2019,1,KUL,   ,   ,MH,NH,  ,  ,1.17,782.29,915,757.07,886
BEHIND,KUL,HND,NH,KNO,MEDAN,HND,TOKYO,Business,2019,1,KUL,   ,   ,MH,NH,  ,  ,0.1,223.4,22,220.54,22
LOCAL,KUL,HND,D7,KUL,KUALA LUMPUR,HND,TOKYO,Discount Coach,2019,2,   ,   ,   ,D7,  ,  ,  ,9332.33,211.45,1973305,211.45,1973321
LOCAL,KUL,HND,NH,KUL,KUALA LUMPUR,HND,TOKYO,Discount Coach,2019,2,   ,   ,   ,NH,  ,  ,  ,2797.65,233.66,653687,233.72,653873
LOCAL,KUL,HND,NH,KUL,KUALA LUMPUR,HND,TOKYO,Business,2019,2,   ,   ,   ,NH,  ,  ,  ,432.74,1495.59,647204,1496.31,647513
LOCAL,KUL,HND,D7,KUL,KUALA LUMPUR,HND,TOKYO,Business,2019,2,   ,   ,   ,D7,  ,  ,  ,150.28,211.44,31775,211.45,31777
BEHIND,KUL,HND,NH,PEN,PENANG,HND,TOKYO,Discount Coach,2019,2,KUL,   ,   ,MH,NH,  ,  ,64.39,422.26,27189,397.85,25618
BEHIND,KUL,HND,NH,LGK,LANGKAWI,HND,TOKYO,Discount Coach,2019,2,KUL,   ,   ,OD,NH,  ,  ,27.48,328.68,9032,303.2,8332
BEHIND,KUL,HND,NH,LGK,LANGKAWI,HND,TOKYO,Discount Coach,2019,2,KUL,   ,   ,MH,NH,  ,  ,24.91,335.39,8355,309.21,7702
BEHIND,KUL,HND,NH,CMB,COLOMBO,HND,TOKYO,Discount Coach,2019,2,KUL,   ,   ,OD,NH,  ,  ,14.14,284.72,4026,194.81,2755
BEHIND,KUL,HND,NH,PEN,PENANG,HND,TOKYO,Business,2019,2,KUL,   ,   ,MH,NH,  ,  ,13.67,1329.36,18172,1253.57,17136
BEHIND,KUL,HND,NH,PEN,PENANG,HND,TOKYO,Discount Coach,2019,2,KUL,   ,   ,OD,NH,  ,  ,12.27,412.72,5064,388.86,4771
BEHIND,KUL,HND,NH,PEN,PENANG,HND,TOKYO,Business,2019,2,KUL,   ,   ,OD,NH,  ,  ,9.21,1329.25,12242,1253.57,11545
BEHIND,KUL,HND,NH,KUA,KUANTAN,HND,TOKYO,Business,2019,2,KUL,   ,   ,MH,NH,  ,  ,8.29,1680.77,13934,1616.23,13399
BEHIND,KUL,HND,NH,JHB,JOHOR BAHRU,HND,TOKYO,Business,2019,2,KUL,   ,   ,MH,NH,  ,  ,7.96,2455.34,19545,2347.31,18685
BEHIND,KUL,HND,NH,MYY,MIRI,HND,TOKYO,Business,2019,2,KUL,   ,   ,MH,NH,  ,  ,7.89,1650.15,13020,1310.81,10342
BEHIND,KUL,HND,NH,KCH,KUCHING,HND,TOKYO,Discount Coach,2019,2,KUL,   ,   ,MH,NH,  ,  ,6.78,336.09,2279,284.37,1928
BEHIND,KUL,HND,NH,JHB,JOHOR BAHRU,HND,TOKYO,Discount Coach,2019,2,KUL,   ,   ,MH,NH,  ,  ,5.97,576.21,3440,550.86,3289
BEHIND,KUL,HND,NH,KUA,KUANTAN,HND,TOKYO,Discount Coach,2019,2,KUL,   ,   ,MH,NH,  ,  ,5.52,304.12,1679,292.1,1612
BEHIND,KUL,HND,NH,AKL,AUCKLAND,HND,TOKYO,Discount Coach,2019,2,KUL,   ,   ,MH,NH,  ,  ,5.49,517.17,2839,196.75,1080
BEHIND,KUL,HND,NH,BWN,BANDAR SERI BEGAWAN,HND,TOKYO,Discount Coach,2019,2,KUL,   ,   ,BI,NH,  ,  ,5.27,820.71,4325,642.18,3384
BEHIND,KUL,HND,NH,LHE,LAHORE,HND,TOKYO,Business,2019,2,KUL,   ,   ,OD,NH,  ,  ,4.72,1228.46,5798,681.87,3218
BEHIND,KUL,HND,NH,KCH,KUCHING,HND,TOKYO,Discount Coach,2019,2,KUL,   ,   ,OD,NH,  ,  ,3.24,354.73,1149,300.17,973
BEHIND,KUL,HND,NH,MYY,MIRI,HND,TOKYO,Discount Coach,2019,2,KUL,   ,   ,MH,NH,  ,  ,2.63,933.68,2456,742.17,1952
BEHIND,KUL,HND,NH,KTM,KATHMANDU,HND,TOKYO,Business,2019,2,KUL,   ,   ,MH,NH,  ,  ,2.6,875.08,2275,542.1,1409
BEHIND,KUL,HND,NH,BTU,BINTULU,HND,TOKYO,Discount Coach,2019,2,KUL,   ,   ,MH,NH,  ,  ,2.27,526.86,1196,426.85,969
BEHIND,KUL,HND,D7,SIN,SINGAPORE,HND,TOKYO,Discount Coach,2019,2,KUL,   ,   ,AK,D7,  ,  ,2.04,207.72,424,196.93,402
BEHIND,KUL,HND,NH,LBU,LABUAN,HND,TOKYO,Discount Coach,2019,2,KUL,   ,   ,MH,NH,  ,  ,2.01,364.61,733,283.24,569
BEHIND,KUL,HND,NH,CTU,CHENGDU,HND,TOKYO,Business,2019,2,KUL,   ,   ,D7,NH,  ,  ,1.71,1860.3,3181,1176.18,2011
BEHIND,KUL,HND,NH,KCH,KUCHING,HND,TOKYO,Business,2019,2,KUL,   ,   ,OD,NH,  ,  ,1.62,1183.9,1918,1001.83,1623
BEHIND,KUL,HND,NH,SIN,SINGAPORE,HND,TOKYO,Discount Coach,2019,2,KUL,   ,   ,SQ,NH,  ,  ,1.59,442.84,704,419.95,668
BEHIND,KUL,HND,NH,SIN,SINGAPORE,HND,TOKYO,Discount Coach,2019,2,KUL,   ,   ,MI,NH,  ,  ,1.55,274.56,426,259.78,403
BEHIND,KUL,HND,D7,BLR,BENGALURU,HND,TOKYO,Discount Coach,2019,2,KUL,   ,   ,AK,D7,  ,  ,1.51,440.11,665,285.37,431
BEHIND,KUL,HND,NH,BKK,BANGKOK,HND,TOKYO,Discount Coach,2019,2,KUL,   ,   ,MH,NH,  ,  ,1.51,247.52,374,201.1,304
BEHIND,KUL,HND,NH,BKK,BANGKOK,HND,TOKYO,Discount Coach,2019,2,KUL,   ,   ,TG,NH,  ,  ,1.5,359.34,539,293.05,440
BEHIND,KUL,HND,NH,KTM,KATHMANDU,HND,TOKYO,Business,2019,2,KUL,   ,   ,OD,NH,  ,  ,1.5,1241.09,1862,771.88,1158
BEHIND,KUL,HND,NH,KTM,KATHMANDU,HND,TOKYO,Discount Coach,2019,2,KUL,   ,   ,OD,NH,  ,  ,1.5,166.51,250,103.56,155
BEHIND,KUL,HND,NH,KTM,KATHMANDU,HND,TOKYO,Discount Coach,2019,2,KUL,   ,   ,RA,NH,  ,  ,1.46,166.95,244,103.56,151
BEHIND,KUL,HND,NH,IAH,HOUSTON,HND,TOKYO,Business,2019,2,TPE,KUL,   ,BR,BR,NH,  ,1.44,1736.84,2501,434.19,625
BEHIND,KUL,HND,NH,KHI,KARACHI,HND,TOKYO,Discount Coach,2019,2,KUL,   ,   ,PK,NH,  ,  ,0.51,225.71,115,122.77,63
LOCAL,KUL,HND,D7,KUL,KUALA LUMPUR,HND,TOKYO,Discount Coach,2019,3,   ,   ,   ,D7,  ,  ,  ,10519.63,210.08,2209960,210.08,2209964
LOCAL,KUL,HND,NH,KUL,KUALA LUMPUR,HND,TOKYO,Discount Coach,2019,3,   ,   ,   ,NH,  ,  ,  ,3569.38,256.82,916671,256.85,916787
LOCAL,KUL,HND,NH,KUL,KUALA LUMPUR,HND,TOKYO,Business,2019,3,   ,   ,   ,NH,  ,  ,  ,631.63,1509.26,953292,1509.51,953451
LOCAL,KUL,HND,D7,KUL,KUALA LUMPUR,HND,TOKYO,Business,2019,3,   ,   ,   ,D7,  ,  ,  ,262.16,210.08,55075,210.08,55075
BEHIND,KUL,HND,NH,PEN,PENANG,HND,TOKYO,Discount Coach,2019,3,KUL,   ,   ,MH,NH,  ,  ,92.74,573.44,53181,541.19,50190
BEHIND,KUL,HND,NH,PEN,PENANG,HND,TOKYO,Discount Coach,2019,3,KUL,   ,   ,OD,NH,  ,  ,41.14,580.26,23872,546.97,22502
BEHIND,KUL,HND,NH,DAC,DHAKA,HND,TOKYO,Discount Coach,2019,3,KUL,   ,   ,RX,NH,  ,  ,31.9,166.67,5317,111.56,3559
BEHIND,KUL,HND,NH,LGK,LANGKAWI,HND,TOKYO,Discount Coach,2019,3,KUL,   ,   ,MH,NH,  ,  ,28.29,1339.93,37906,1235.01,34938
BEHIND,KUL,HND,NH,LGK,LANGKAWI,HND,TOKYO,Discount Coach,2019,3,KUL,   ,   ,OD,NH,  ,  ,27.27,1239.97,33814,1142.64,31160
BEHIND,KUL,HND,NH,KCH,KUCHING,HND,TOKYO,Discount Coach,2019,3,KUL,   ,   ,MH,NH,  ,  ,17.89,948.24,16964,803.28,14371
BEHIND,KUL,HND,NH,KUA,KUANTAN,HND,TOKYO,Discount Coach,2019,3,KUL,   ,   ,MH,NH,  ,  ,13.39,275.6,3690,265.75,3558
BEHIND,KUL,HND,NH,PEN,PENANG,HND,TOKYO,Business,2019,3,KUL,   ,   ,MH,NH,  ,  ,10.31,1228.16,12662,1159.7,11957
BEHIND,KUL,HND,NH,CMB,COLOMBO,HND,TOKYO,Discount Coach,2019,3,KUL,   ,   ,OD,NH,  ,  ,10.24,1274.04,13046,872.03,8930
BEHIND,KUL,HND,NH,DAC,DHAKA,HND,TOKYO,Discount Coach,2019,3,KUL,   ,   ,MH,NH,  ,  ,8.96,664.14,5951,444.07,3979
BEHIND,KUL,HND,NH,KTM,KATHMANDU,HND,TOKYO,Discount Coach,2019,3,KUL,   ,   ,OD,NH,  ,  ,8.92,369.83,3299,229.48,2047
BEHIND,KUL,HND,NH,LGK,LANGKAWI,HND,TOKYO,Business,2019,3,KUL,   ,   ,MH,NH,  ,  ,8.85,2829.78,25044,2610.92,23107
BEHIND,KUL,HND,NH,DAC,DHAKA,HND,TOKYO,Business,2019,3,KUL,   ,   ,RX,NH,  ,  ,7.08,3469.02,24561,2319.07,16419
BEHIND,KUL,HND,NH,SIN,SINGAPORE,HND,TOKYO,Discount Coach,2019,3,KUL,   ,   ,MH,NH,  ,  ,6.05,210.07,1271,199.11,1205
BEHIND,KUL,HND,NH,KNO,MEDAN,HND,TOKYO,Discount Coach,2019,3,KUL,   ,   ,MH,NH,  ,  ,6.02,288.22,1735,271.75,1636
BEHIND,KUL,HND,NH,BWN,BANDAR SERI BEGAWAN,HND,TOKYO,Discount Coach,2019,3,KUL,   ,   ,BI,NH,  ,  ,5.52,2405.13,13276,1883.94,10399
BEHIND,KUL,HND,NH,JHB,JOHOR BAHRU,HND,TOKYO,Discount Coach,2019,3,KUL,   ,   ,MH,NH,  ,  ,5.24,632.22,3313,603.76,3164
BEHIND,KUL,HND,NH,AOR,ALOR SETAR,HND,TOKYO,Discount Coach,2019,3,KUL,   ,   ,MH,NH,  ,  ,4.74,545.12,2584,505.8,2397
BEHIND,KUL,HND,NH,KBR,KOTA BHARU,HND,TOKYO,Discount Coach,2019,3,KUL,   ,   ,MH,NH,  ,  ,4.71,1316.81,6202,1229.54,5791
BEHIND,KUL,HND,NH,BKI,KOTA KINABALU,HND,TOKYO,Business,2019,3,KUL,   ,   ,OD,NH,  ,  ,4.68,1665.67,7795,1278.36,5983
BEHIND,KUL,HND,NH,TRV,THIRUVANANTHAPURAM,HND,TOKYO,Discount Coach,2019,3,KUL,   ,   ,OD,NH,  ,  ,4.5,255.56,1150,167.69,755
BEHIND,KUL,HND,NH,MYY,MIRI,HND,TOKYO,Discount Coach,2019,3,KUL,   ,   ,MH,NH,  ,  ,4.33,760.4,3293,605.45,2622
LOCAL,KUL,HND,AK,KUL,KUALA LUMPUR,HND,TOKYO,Discount Coach,2019,3,   ,   ,   ,AK,  ,  ,  ,4.13,210.02,867,210.08,868
BEHIND,KUL,HND,NH,BTU,BINTULU,HND,TOKYO,Discount Coach,2019,3,KUL,   ,   ,MH,NH,  ,  ,3.99,1076.24,4294,872.26,3480
BEHIND,KUL,HND,AK,HKT,PHUKET,HND,TOKYO,Discount Coach,2019,3,KUL,   ,   ,AK,AK,  ,  ,3.77,199.21,751,175.86,663
BEHIND,KUL,HND,NH,BKI,KOTA KINABALU,HND,TOKYO,Discount Coach,2019,3,KUL,   ,   ,MH,NH,  ,  ,3.6,216.89,781,166.25,599
BEHIND,KUL,HND,NH,KCH,KUCHING,HND,TOKYO,Business,2019,3,KUL,   ,   ,OD,NH,  ,  ,3.22,861.94,2775,730.07,2351
BEHIND,KUL,HND,NH,KCH,KUCHING,HND,TOKYO,Discount Coach,2019,3,KUL,   ,   ,OD,NH,  ,  ,3.22,936.79,3016,793.47,2555
BEHIND,KUL,HND,NH,AOR,ALOR SETAR,HND,TOKYO,Business,2019,3,KUL,   ,   ,MH,NH,  ,  ,3.16,962.93,3043,893.45,2823
BEHIND,KUL,HND,NH,KTM,KATHMANDU,HND,TOKYO,Discount Coach,2019,3,KUL,   ,   ,RA,NH,  ,  ,2.9,370.04,1073,229.48,665
BEHIND,KUL,HND,NH,KTM,KATHMANDU,HND,TOKYO,Business,2019,3,KUL,   ,   ,MH,NH,  ,  ,2.58,903.88,2332,561.39,1448
BEHIND,KUL,HND,NH,KTM,KATHMANDU,HND,TOKYO,Discount Coach,2019,3,KUL,   ,   ,MH,NH,  ,  ,2.58,369.48,953,229.48,592
BEHIND,KUL,HND,NH,KUA,KUANTAN,HND,TOKYO,Business,2019,3,KUL,   ,   ,MH,NH,  ,  ,2.44,1789.23,4366,1729.47,4220
BEHIND,KUL,HND,NH,MYY,MIRI,HND,TOKYO,Business,2019,3,KUL,   ,   ,MH,NH,  ,  ,2.16,1649.98,3564,1310.73,2831
BEHIND,KUL,HND,NH,CGK,JAKARTA,HND,TOKYO,Discount Coach,2019,3,KUL,   ,   ,GA,NH,  ,  ,1.79,303.93,544,251.04,449
BEHIND,KUL,HND,NH,SIN,SINGAPORE,HND,TOKYO,Discount Coach,2019,3,KUL,   ,   ,SQ,NH,  ,  ,1.59,249.64,397,237.12,377
BEHIND,KUL,HND,NH,KBR,KOTA BHARU,HND,TOKYO,Business,2019,3,KUL,   ,   ,MH,NH,  ,  ,1.57,944.2,1482,881.62,1384
BEHIND,KUL,HND,NH,SIN,SINGAPORE,HND,TOKYO,Business,2019,3,KUL,   ,   ,MI,NH,  ,  ,1.56,2625.45,4096,2483.2,3874
BEHIND,KUL,HND,NH,PEN,PENANG,HND,TOKYO,Business,2019,3,KUL,   ,   ,OD,NH,  ,  ,1.52,1233.29,1875,1159.7,1763
BEHIND,KUL,HND,NH,KHI,KARACHI,HND,TOKYO,Business,2019,3,KUL,   ,   ,PK,NH,  ,  ,1.5,1213.03,1820,660.79,991
BEHIND,KUL,HND,NH,BKK,BANGKOK,HND,TOKYO,Business,2019,3,KUL,   ,   ,TG,NH,  ,  ,1.49,1568.11,2336,1279.06,1906
BEHIND,KUL,HND,NH,PER,PERTH,HND,TOKYO,Business,2019,3,KUL,   ,   ,MH,NH,  ,  ,1.17,2013.53,2356,1135.84,1329
BEHIND,KUL,HND,NH,PER,PERTH,HND,TOKYO,Business,2019,3,KUL,   ,   ,OD,NH,  ,  ,1.16,1875.28,2175,1053.63,1222
LOCAL,KUL,HND,D7,KUL,KUALA LUMPUR,HND,TOKYO,Discount Coach,2019,4,   ,   ,   ,D7,  ,  ,  ,10268.86,302.49,3106204,302.49,3106178
LOCAL,KUL,HND,NH,KUL,KUALA LUMPUR,HND,TOKYO,Discount Coach,2019,4,   ,   ,   ,NH,  ,  ,  ,2164.73,237.74,514647,237.67,514501
LOCAL,KUL,HND,NH,KUL,KUALA LUMPUR,HND,TOKYO,Business,2019,4,   ,   ,   ,NH,  ,  ,  ,501.13,1105.11,553806,1104.8,553647
LOCAL,KUL,HND,D7,KUL,KUALA LUMPUR,HND,TOKYO,Business,2019,4,   ,   ,   ,D7,  ,  ,  ,163.07,302.52,49332,302.51,49330
BEHIND,KUL,HND,NH,PEN,PENANG,HND,TOKYO,Discount Coach,2019,4,KUL,   ,   ,MH,NH,  ,  ,57.16,432.91,24745,407.95,23319
BEHIND,KUL,HND,NH,KCH,KUCHING,HND,TOKYO,Discount Coach,2019,4,KUL,   ,   ,MH,NH,  ,  ,25.33,385.36,9761,326.34,8266
BEHIND,KUL,HND,NH,PEN,PENANG,HND,TOKYO,Discount Coach,2019,4,KUL,   ,   ,OD,NH,  ,  ,19.44,479.16,9315,451.93,8786
BEHIND,KUL,HND,NH,DAC,DHAKA,HND,TOKYO,Discount Coach,2019,4,KUL,   ,   ,OD,NH,  ,  ,19.18,281.65,5402,188.58,3617
BEHIND,KUL,HND,NH,DAC,DHAKA,HND,TOKYO,Discount Coach,2019,4,KUL,   ,   ,MH,NH,  ,  ,19.18,286.86,5502,192.08,3684
BEHIND,KUL,HND,NH,LGK,LANGKAWI,HND,TOKYO,Discount Coach,2019,4,KUL,   ,   ,MH,NH,  ,  ,19.06,949,18088,874.28,16664
BEHIND,KUL,HND,NH,KTM,KATHMANDU,HND,TOKYO,Discount Coach,2019,4,KUL,   ,   ,OD,NH,  ,  ,12.64,369.75,4674,229.55,2902
BEHIND,KUL,HND,NH,BKI,KOTA KINABALU,HND,TOKYO,Discount Coach,2019,4,KUL,   ,   ,MH,NH,  ,  ,10.57,542.22,5731,414.65,4383
BEHIND,KUL,HND,NH,CMB,COLOMBO,HND,TOKYO,Discount Coach,2019,4,KUL,   ,   ,OD,NH,  ,  ,8.32,603.46,5021,413.47,3440
BEHIND,KUL,HND,NH,KHI,KARACHI,HND,TOKYO,Discount Coach,2019,4,KUL,   ,   ,PK,NH,  ,  ,6.4,524.79,3359,287.06,1837
BEHIND,KUL,HND,NH,PEN,PENANG,HND,TOKYO,Business,2019,4,KUL,   ,   ,MH,NH,  ,  ,5.04,1611.58,8122,1517.55,7648
BEHIND,KUL,HND,NH,DAC,DHAKA,HND,TOKYO,Business,2019,4,KUL,   ,   ,RX,NH,  ,  ,4.8,3021.56,14503,2024.66,9718
BEHIND,KUL,HND,NH,SBW,SIBU,HND,TOKYO,Business,2019,4,KUL,   ,   ,MH,NH,  ,  ,4.16,698,2904,574.23,2389
BEHIND,KUL,HND,NH,KCH,KUCHING,HND,TOKYO,Business,2019,4,KUL,   ,   ,MH,NH,  ,  ,3.9,3177.52,12392,2692.72,10502
BEHIND,KUL,HND,AK,HKT,PHUKET,HND,TOKYO,Discount Coach,2019,4,KUL,   ,   ,AK,AK,  ,  ,3.74,289.23,1082,255.6,956
BEHIND,KUL,HND,NH,SIN,SINGAPORE,HND,TOKYO,Discount Coach,2019,4,KUL,   ,   ,MH,NH,  ,  ,3.22,386.95,1246,367.2,1182
BEHIND,KUL,HND,NH,KHI,KARACHI,HND,TOKYO,Business,2019,4,KUL,   ,   ,PK,NH,  ,  ,3.2,524.79,1679,287.06,919
BEHIND,KUL,HND,NH,BKK,BANGKOK,HND,TOKYO,Discount Coach,2019,4,KUL,   ,   ,TG,NH,  ,  ,3.16,283.13,895,230.48,728
BEHIND,KUL,HND,NH,KUA,KUANTAN,HND,TOKYO,Discount Coach,2019,4,KUL,   ,   ,MH,NH,  ,  ,2.38,430.09,1024,413.49,984
BEHIND,KUL,HND,NH,KTM,KATHMANDU,HND,TOKYO,Discount Coach,2019,4,KUL,   ,   ,RA,NH,  ,  ,2.36,369.8,873,229.55,542
BEHIND,KUL,HND,D7,HKT,PHUKET,HND,TOKYO,Discount Coach,2019,4,KUL,   ,   ,AK,D7,  ,  ,2.06,289.96,597,255.6,527
BEHIND,KUL,HND,NH,BKI,KOTA KINABALU,HND,TOKYO,Business,2019,4,KUL,   ,   ,MH,NH,  ,  ,1.76,1484.59,2613,1134.7,1997
BEHIND,KUL,HND,NH,JHB,JOHOR BAHRU,HND,TOKYO,Discount Coach,2019,4,KUL,   ,   ,MH,NH,  ,  ,1.71,270.79,463,258.22,442
BEHIND,KUL,HND,NH,SIN,SINGAPORE,HND,TOKYO,Discount Coach,2019,4,KUL,   ,   ,SQ,NH,  ,  ,1.68,276.33,464,262.39,441
BEHIND,KUL,HND,NH,DAC,DHAKA,HND,TOKYO,Business,2019,4,KUL,   ,   ,MH,NH,  ,  ,1.6,1155.59,1849,774.52,1239
BEHIND,KUL,HND,NH,DAC,DHAKA,HND,TOKYO,Discount Coach,2019,4,KUL,   ,   ,RX,NH,  ,  ,1.6,281.36,450,188.58,302
BEHIND,KUL,HND,NH,BKK,BANGKOK,HND,TOKYO,Business,2019,4,KUL,   ,   ,TG,NH,  ,  ,1.58,1131.37,1788,921,1455
BEHIND,KUL,HND,NH,CGK,JAKARTA,HND,TOKYO,Discount Coach,2019,4,KUL,   ,   ,MH,NH,  ,  ,1.57,549.01,862,454.37,713
BEHIND,KUL,HND,NH,PER,PERTH,HND,TOKYO,Business,2019,4,KUL,   ,   ,MH,NH,  ,  ,1.54,719.71,1108,405.14,624
BEHIND,KUL,HND,NH,PER,PERTH,HND,TOKYO,Discount Coach,2019,4,KUL,   ,   ,MH,NH,  ,  ,1.54,719.71,1108,405.14,624
LOCAL,KUL,HND,D7,KUL,KUALA LUMPUR,HND,TOKYO,Discount Coach,2019,5,   ,   ,   ,D7,  ,  ,  ,9808.95,294.48,2888547,294.48,2888558
LOCAL,KUL,HND,NH,KUL,KUALA LUMPUR,HND,TOKYO,Discount Coach,2019,5,   ,   ,   ,NH,  ,  ,  ,3162.67,273.59,865267,273.64,865431
LOCAL,KUL,HND,NH,KUL,KUALA LUMPUR,HND,TOKYO,Business,2019,5,   ,   ,   ,NH,  ,  ,  ,532.4,1349.41,718427,1349.92,718700
LOCAL,KUL,HND,D7,KUL,KUALA LUMPUR,HND,TOKYO,Business,2019,5,   ,   ,   ,D7,  ,  ,  ,379.49,294.56,111784,294.57,111786
BEHIND,KUL,HND,NH,PEN,PENANG,HND,TOKYO,Discount Coach,2019,5,KUL,   ,   ,MH,NH,  ,  ,81.96,392.54,32172,370.14,30336
BEHIND,KUL,HND,NH,LGK,LANGKAWI,HND,TOKYO,Discount Coach,2019,5,KUL,   ,   ,MH,NH,  ,  ,76.17,383.98,29248,353.9,26956
BEHIND,KUL,HND,NH,LGK,LANGKAWI,HND,TOKYO,Discount Coach,2019,5,KUL,   ,   ,OD,NH,  ,  ,49.68,399.97,19871,368.53,18309
BEHIND,KUL,HND,NH,PEN,PENANG,HND,TOKYO,Discount Coach,2019,5,KUL,   ,   ,OD,NH,  ,  ,33.04,406.99,13447,383.69,12677
BEHIND,KUL,HND,NH,BKI,KOTA KINABALU,HND,TOKYO,Discount Coach,2019,5,KUL,   ,   ,MH,NH,  ,  ,25.3,1088.97,27551,834.9,21123
BEHIND,KUL,HND,NH,KNO,MEDAN,HND,TOKYO,Discount Coach,2019,5,KUL,   ,   ,MH,NH,  ,  ,15.53,426.31,6621,401.71,6239
BEHIND,KUL,HND,NH,MAA,CHENNAI,HND,TOKYO,Discount Coach,2019,5,KUL,   ,   ,ID,NH,  ,  ,15.46,836.5,12932,561.16,8676
BEHIND,KUL,HND,NH,DAC,DHAKA,HND,TOKYO,Discount Coach,2019,5,KUL,   ,   ,MH,NH,  ,  ,12.42,276.79,3438,185.23,2301
BEHIND,KUL,HND,NH,HYD,HYDERABAD,HND,TOKYO,Discount Coach,2019,5,KUL,   ,   ,MH,NH,  ,  ,8.27,773.24,6395,494.57,4090
BEHIND,KUL,HND,NH,PEN,PENANG,HND,TOKYO,Business,2019,5,KUL,   ,   ,MH,NH,  ,  ,8.05,1825.07,14692,1724.14,13879
BEHIND,KUL,HND,NH,KUA,KUANTAN,HND,TOKYO,Discount Coach,2019,5,KUL,   ,   ,MH,NH,  ,  ,7.98,969.6,7737,935.11,7462
BEHIND,KUL,HND,NH,KTM,KATHMANDU,HND,TOKYO,Discount Coach,2019,5,KUL,   ,   ,OD,NH,  ,  ,7.67,548.19,4205,339.94,2607
BEHIND,KUL,HND,NH,CGK,JAKARTA,HND,TOKYO,Discount Coach,2019,5,KUL,   ,   ,GA,NH,  ,  ,7.52,299.23,2250,247.11,1858
BEHIND,KUL,HND,NH,LGK,LANGKAWI,HND,TOKYO,Business,2019,5,KUL,   ,   ,MH,NH,  ,  ,4.97,1359.26,6756,1253.38,6229
BEHIND,KUL,HND,NH,JHB,JOHOR BAHRU,HND,TOKYO,Discount Coach,2019,5,KUL,   ,   ,MH,NH,  ,  ,4.92,763.34,3756,731,3597
BEHIND,KUL,HND,NH,JHB,JOHOR BAHRU,HND,TOKYO,Discount Coach,2019,5,KUL,   ,   ,OD,NH,  ,  ,3.2,270.03,864,258.29,827
BEHIND,KUL,HND,NH,SIN,SINGAPORE,HND,TOKYO,Discount Coach,2019,5,KUL,   ,   ,MH,NH,  ,  ,3.12,341.12,1064,322.88,1007
BEHIND,KUL,HND,NH,PER,PERTH,HND,TOKYO,Discount Coach,2019,5,KUL,   ,   ,MH,NH,  ,  ,2.83,713.21,2018,402.41,1139
BEHIND,KUL,HND,NH,ARN,STOCKHOLM,HND,TOKYO,Business,2019,5,DXB,KUL,   ,EK,EK,NH,  ,1.92,2690.93,5167,918.79,1764
BEHIND,KUL,HND,NH,BTU,BINTULU,HND,TOKYO,Business,2019,5,KUL,   ,   ,MH,NH,  ,  ,1.87,3709.94,6938,3009.39,5628
BEHIND,KUL,HND,NH,BWN,BANDAR SERI BEGAWAN,HND,TOKYO,Discount Coach,2019,5,KUL,   ,   ,BI,NH,  ,  ,1.67,425.28,710,332.06,555
BEHIND,KUL,HND,NH,LBU,LABUAN,HND,TOKYO,Discount Coach,2019,5,KUL,   ,   ,MH,NH,  ,  ,1.66,386.17,641,301.04,500
BEHIND,KUL,HND,NH,SIN,SINGAPORE,HND,TOKYO,Discount Coach,2019,5,KUL,   ,   ,SQ,NH,  ,  ,1.65,871.12,1437,823.46,1359
BEHIND,KUL,HND,NH,BKK,BANGKOK,HND,TOKYO,Discount Coach,2019,5,KUL,   ,   ,MH,NH,  ,  ,1.55,554.24,859,450.76,699
BEHIND,KUL,HND,NH,HYD,HYDERABAD,HND,TOKYO,Business,2019,5,KUL,   ,   ,MH,NH,  ,  ,1.18,1783.94,2105,1139.65,1345
BEHIND,KUL,HND,NH,ZRH,ZURICH,HND,TOKYO,Business,2019,5,DXB,KUL,   ,EK,EK,NH,  ,1.13,2230.65,2521,759.21,858
LOCAL,KUL,HND,D7,KUL,KUALA LUMPUR,HND,TOKYO,Discount Coach,2019,6,   ,   ,   ,D7,  ,  ,  ,10030.79,278.95,2798129,278.95,2798089
LOCAL,KUL,HND,NH,KUL,KUALA LUMPUR,HND,TOKYO,Discount Coach,2019,6,   ,   ,   ,NH,  ,  ,  ,2854.57,257.67,735543,257.62,735395
LOCAL,KUL,HND,NH,KUL,KUALA LUMPUR,HND,TOKYO,Business,2019,6,   ,   ,   ,NH,  ,  ,  ,480.85,1415.05,680426,1414.67,680243
LOCAL,KUL,HND,D7,KUL,KUALA LUMPUR,HND,TOKYO,Business,2019,6,   ,   ,   ,D7,  ,  ,  ,397.56,278.95,110900,278.95,110899
BEHIND,KUL,HND,NH,PEN,PENANG,HND,TOKYO,Discount Coach,2019,6,KUL,   ,   ,MH,NH,  ,  ,54.08,361.63,19557,340.83,18432
BEHIND,KUL,HND,NH,BKI,KOTA KINABALU,HND,TOKYO,Discount Coach,2019,6,KUL,   ,   ,MH,NH,  ,  ,26.72,518.36,13851,397.47,10620
BEHIND,KUL,HND,NH,MAA,CHENNAI,HND,TOKYO,Discount Coach,2019,6,KUL,   ,   ,ID,NH,  ,  ,19.91,1012.01,20149,678.9,13517
BEHIND,KUL,HND,NH,KNO,MEDAN,HND,TOKYO,Discount Coach,2019,6,KUL,   ,   ,MH,NH,  ,  ,18.46,850,15691,800.94,14785
BEHIND,KUL,HND,NH,PEN,PENANG,HND,TOKYO,Discount Coach,2019,6,KUL,   ,   ,OD,NH,  ,  ,15.58,396.59,6179,373.72,5823
BEHIND,KUL,HND,NH,DAC,DHAKA,HND,TOKYO,Discount Coach,2019,6,KUL,   ,   ,MH,NH,  ,  ,15.38,274.3,4219,183.57,2823
BEHIND,KUL,HND,NH,LGK,LANGKAWI,HND,TOKYO,Discount Coach,2019,6,KUL,   ,   ,MH,NH,  ,  ,9.84,286.64,2821,264.22,2600
BEHIND,KUL,HND,NH,PEN,PENANG,HND,TOKYO,Business,2019,6,KUL,   ,   ,MH,NH,  ,  ,9.54,1385.02,13213,1304.82,12448
BEHIND,KUL,HND,NH,KTM,KATHMANDU,HND,TOKYO,Discount Coach,2019,6,KUL,   ,   ,OD,NH,  ,  ,9.12,314.54,2869,195.1,1779
BEHIND,KUL,HND,NH,LGK,LANGKAWI,HND,TOKYO,Business,2019,6,KUL,   ,   ,MH,NH,  ,  ,8.2,2990.85,24525,2756.86,22606
BEHIND,KUL,HND,NH,CGK,JAKARTA,HND,TOKYO,Discount Coach,2019,6,KUL,   ,   ,MH,NH,  ,  ,7.54,124.02,935,102.49,773
BEHIND,KUL,HND,NH,LGK,LANGKAWI,HND,TOKYO,Discount Coach,2019,6,KUL,   ,   ,OD,NH,  ,  ,6.56,430.43,2824,396.48,2601
BEHIND,KUL,HND,NH,CMB,COLOMBO,HND,TOKYO,Discount Coach,2019,6,KUL,   ,   ,OD,NH,  ,  ,5.24,262.61,1376,179.9,943
BEHIND,KUL,HND,NH,KNO,MEDAN,HND,TOKYO,Business,2019,6,KUL,   ,   ,MH,NH,  ,  ,4.62,4058.85,18752,3828.49,17688
BEHIND,KUL,HND,D7,DPS,DENPASAR BALI,HND,TOKYO,Discount Coach,2019,6,KUL,   ,   ,QZ,D7,  ,  ,3.63,284.99,1035,208.38,756
BEHIND,KUL,HND,NH,BKI,KOTA KINABALU,HND,TOKYO,Business,2019,6,KUL,   ,   ,MH,NH,  ,  ,3.34,3442.87,11499,2639.91,8817
BEHIND,KUL,HND,NH,DAC,DHAKA,HND,TOKYO,Business,2019,6,KUL,   ,   ,MH,NH,  ,  ,3.08,1235.88,3807,828.18,2551
BEHIND,KUL,HND,NH,ICN,SEOUL,HND,TOKYO,Business,2019,6,BKK,KUL,   ,KE,MH,NH,  ,2.98,935.85,2789,489.75,1459
BEHIND,KUL,HND,D7,PEN,PENANG,HND,TOKYO,Discount Coach,2019,6,KUL,   ,   ,AK,D7,  ,  ,2.02,278.98,564,263.21,532
BEHIND,KUL,HND,NH,BTU,BINTULU,HND,TOKYO,Business,2019,6,KUL,   ,   ,MH,NH,  ,  ,1.85,2872.7,5315,2327.9,4307
BEHIND,KUL,HND,NH,BWN,BANDAR SERI BEGAWAN,HND,TOKYO,Business,2019,6,KUL,   ,   ,BI,NH,  ,  ,1.78,1249.09,2223,979.82,1744
BEHIND,KUL,HND,NH,KCH,KUCHING,HND,TOKYO,Discount Coach,2019,6,KUL,   ,   ,OD,NH,  ,  ,1.65,166.93,275,141.67,234
BEHIND,KUL,HND,NH,JED,JEDDAH,HND,TOKYO,Business,2019,6,KUL,   ,   ,MH,NH,  ,  ,1.55,286.33,444,123.37,191
BEHIND,KUL,HND,NH,SIN,SINGAPORE,HND,TOKYO,Discount Coach,2019,6,KUL,   ,   ,MH,NH,  ,  ,1.55,249.77,387,237.11,368
BEHIND,KUL,HND,NH,MAA,CHENNAI,HND,TOKYO,Business,2019,6,KUL,   ,   ,ID,NH,  ,  ,1.53,2172.8,3324,1456.14,2228
BEHIND,KUL,HND,NH,BKK,BANGKOK,HND,TOKYO,Business,2019,6,KUL,   ,   ,TG,NH,  ,  ,1.52,1634.07,2484,1329.36,2021
LOCAL,KUL,HND,D7,KUL,KUALA LUMPUR,HND,TOKYO,Discount Coach,2019,7,   ,   ,   ,D7,  ,  ,  ,10776.2,232.86,2509325,232.86,2509346
LOCAL,KUL,HND,NH,KUL,KUALA LUMPUR,HND,TOKYO,Discount Coach,2019,7,   ,   ,   ,NH,  ,  ,  ,3464.38,253.92,879681,254.02,880025
LOCAL,KUL,HND,NH,KUL,KUALA LUMPUR,HND,TOKYO,Business,2019,7,   ,   ,   ,NH,  ,  ,  ,695.91,1499.03,1043189,1499.87,1043774
BEHIND,KUL,HND,NH,PEN,PENANG,HND,TOKYO,Discount Coach,2019,7,KUL,   ,   ,MH,NH,  ,  ,38.11,322.53,12291,303.88,11581
BEHIND,KUL,HND,NH,LGK,LANGKAWI,HND,TOKYO,Discount Coach,2019,7,KUL,   ,   ,MH,NH,  ,  ,23.91,290.27,6940,267.55,6397
BEHIND,KUL,HND,NH,BKI,KOTA KINABALU,HND,TOKYO,Discount Coach,2019,7,KUL,   ,   ,MH,NH,  ,  ,21.83,723.93,15803,555.11,12118
BEHIND,KUL,HND,NH,DAC,DHAKA,HND,TOKYO,Discount Coach,2019,7,KUL,   ,   ,MH,NH,  ,  ,19.1,286.74,5477,191.92,3666
BEHIND,KUL,HND,NH,MAA,CHENNAI,HND,TOKYO,Discount Coach,2019,7,KUL,   ,   ,ID,NH,  ,  ,19.01,502.16,9546,336.73,6401
BEHIND,KUL,HND,NH,PEN,PENANG,HND,TOKYO,Discount Coach,2019,7,KUL,   ,   ,OD,NH,  ,  ,17.73,328.18,5819,309.18,5482
BEHIND,KUL,HND,NH,KUA,KUANTAN,HND,TOKYO,Discount Coach,2019,7,KUL,   ,   ,MH,NH,  ,  ,13.53,214.13,2897,206.54,2794
BEHIND,KUL,HND,NH,KNO,MEDAN,HND,TOKYO,Discount Coach,2019,7,KUL,   ,   ,MH,NH,  ,  ,11.14,296.79,3306,279.57,3114
BEHIND,KUL,HND,NH,DAC,DHAKA,HND,TOKYO,Business,2019,7,KUL,   ,   ,MH,NH,  ,  ,7.96,1249.95,9950,836.76,6661
BEHIND,KUL,HND,NH,MAA,CHENNAI,HND,TOKYO,Business,2019,7,KUL,   ,   ,ID,NH,  ,  ,7.92,1811.76,14349,1214.76,9621
BEHIND,KUL,HND,NH,MYY,MIRI,HND,TOKYO,Discount Coach,2019,7,KUL,   ,   ,MH,NH,  ,  ,7.11,374.96,2666,298.44,2122
BEHIND,KUL,HND,NH,LGK,LANGKAWI,HND,TOKYO,Discount Coach,2019,7,KUL,   ,   ,OD,NH,  ,  ,6.8,276.77,1882,255.39,1737
BEHIND,KUL,HND,NH,CMB,COLOMBO,HND,TOKYO,Discount Coach,2019,7,KUL,   ,   ,OD,NH,  ,  ,5.72,264.21,1511,180.78,1034
BEHIND,KUL,HND,NH,PER,PERTH,HND,TOKYO,Discount Coach,2019,7,KUL,   ,   ,MH,NH,  ,  ,4.15,1041.92,4324,587.31,2437
BEHIND,KUL,HND,NH,KTM,KATHMANDU,HND,TOKYO,Discount Coach,2019,7,KUL,   ,   ,RA,NH,  ,  ,4.14,311.85,1291,193.91,803
BEHIND,KUL,HND,NH,KTM,KATHMANDU,HND,TOKYO,Discount Coach,2019,7,KUL,   ,   ,MH,NH,  ,  ,3.75,313.65,1176,193.91,727
BEHIND,KUL,HND,NH,LBU,LABUAN,HND,TOKYO,Discount Coach,2019,7,KUL,   ,   ,MH,NH,  ,  ,3.58,487.97,1747,380.22,1361
BEHIND,KUL,HND,NH,PEN,PENANG,HND,TOKYO,Business,2019,7,KUL,   ,   ,MH,NH,  ,  ,3.46,1789.53,6192,1683.86,5826
LOCAL,KUL,HND,YY,KUL,KUALA LUMPUR,HND,TOKYO,Discount Coach,2019,7,   ,   ,   ,YY,  ,  ,  ,3.41,223.72,763,223.78,763
BEHIND,KUL,HND,NH,SIN,SINGAPORE,HND,TOKYO,Discount Coach,2019,7,KUL,   ,   ,MH,NH,  ,  ,3.2,369.29,1182,349.73,1119
BEHIND,KUL,HND,NH,KTM,KATHMANDU,HND,TOKYO,Business,2019,7,KUL,   ,   ,MH,NH,  ,  ,2.5,908.65,2272,561.77,1404
BEHIND,KUL,HND,D7,JHB,JOHOR BAHRU,HND,TOKYO,Discount Coach,2019,7,KUL,   ,   ,AK,D7,  ,  ,2.25,211.19,475,201.4,453
BEHIND,KUL,HND,D7,PEN,PENANG,HND,TOKYO,Discount Coach,2019,7,KUL,   ,   ,AK,D7,  ,  ,2.05,234.74,481,221.08,453
BEHIND,KUL,HND,NH,LBU,LABUAN,HND,TOKYO,Business,2019,7,KUL,   ,   ,MH,NH,  ,  ,1.79,757.44,1356,590.19,1056
BEHIND,KUL,HND,NH,CGK,JAKARTA,HND,TOKYO,Discount Coach,2019,7,KUL,   ,   ,MH,NH,  ,  ,1.56,484.04,755,399.68,624
BEHIND,KUL,HND,NH,LHE,LAHORE,HND,TOKYO,Business,2019,7,KUL,   ,   ,OD,NH,  ,  ,1.5,995.96,1494,553.74,831
BEHIND,KUL,HND,NH,MCT,MUSCAT,HND,TOKYO,Business,2019,7,KUL,   ,   ,WY,NH,  ,  ,1.44,2954.17,4254,1499.38,2159
BEHIND,KUL,HND,NH,PER,PERTH,HND,TOKYO,Discount Coach,2019,7,KUL,   ,   ,OD,NH,  ,  ,1.38,1039.88,1435,587.31,810
BEHIND,KUL,HND,D7,PER,PERTH,HND,TOKYO,Discount Coach,2019,7,KUL,   ,   ,D7,D7,  ,  ,1.3,248.82,323,140.46,183
LOCAL,KUL,HND,D7,KUL,KUALA LUMPUR,HND,TOKYO,Discount Coach,2019,8,   ,   ,   ,D7,  ,  ,  ,10371.54,232.29,2409232,232.29,2409205
LOCAL,KUL,HND,NH,KUL,KUALA LUMPUR,HND,TOKYO,Discount Coach,2019,8,   ,   ,   ,NH,  ,  ,  ,3335.5,334.74,1116536,334.71,1116438
LOCAL,KUL,HND,NH,KUL,KUALA LUMPUR,HND,TOKYO,Business,2019,8,   ,   ,   ,NH,  ,  ,  ,793.85,1324.75,1051651,1324.63,1051558
LOCAL,KUL,HND,D7,KUL,KUALA LUMPUR,HND,TOKYO,Business,2019,8,   ,   ,   ,D7,  ,  ,  ,410.25,232.29,95299,232.29,95297
BEHIND,KUL,HND,NH,PEN,PENANG,HND,TOKYO,Discount Coach,2019,8,KUL,   ,   ,MH,NH,  ,  ,28.94,541.83,15681,510.39,14771
BEHIND,KUL,HND,NH,LGK,LANGKAWI,HND,TOKYO,Discount Coach,2019,8,KUL,   ,   ,MH,NH,  ,  ,28.33,875.95,24816,806.91,22860
BEHIND,KUL,HND,NH,MAA,CHENNAI,HND,TOKYO,Discount Coach,2019,8,KUL,   ,   ,ID,NH,  ,  ,27.86,258.94,7214,173.6,4836
BEHIND,KUL,HND,NH,CMB,COLOMBO,HND,TOKYO,Discount Coach,2019,8,KUL,   ,   ,OD,NH,  ,  ,24.86,539.94,13423,369.49,9186
BEHIND,KUL,HND,NH,DAC,DHAKA,HND,TOKYO,Discount Coach,2019,8,KUL,   ,   ,MH,NH,  ,  ,23.06,266.41,6143,178.34,4113
BEHIND,KUL,HND,NH,PEN,PENANG,HND,TOKYO,Discount Coach,2019,8,KUL,   ,   ,OD,NH,  ,  ,21.69,512.5,11116,483.05,10477
BEHIND,KUL,HND,NH,LGK,LANGKAWI,HND,TOKYO,Discount Coach,2019,8,KUL,   ,   ,OD,NH,  ,  ,17.57,870.11,15288,801.97,14091
BEHIND,KUL,HND,NH,BKI,KOTA KINABALU,HND,TOKYO,Discount Coach,2019,8,KUL,   ,   ,MH,NH,  ,  ,12.52,341.74,4279,262.19,3283
BEHIND,KUL,HND,NH,KTM,KATHMANDU,HND,TOKYO,Discount Coach,2019,8,KUL,   ,   ,OD,NH,  ,  ,11.39,302.7,3448,187.72,2138
BEHIND,KUL,HND,NH,PEN,PENANG,HND,TOKYO,Business,2019,8,KUL,   ,   ,MH,NH,  ,  ,10.2,1509.26,15394,1419.88,14483
BEHIND,KUL,HND,NH,PER,PERTH,HND,TOKYO,Discount Coach,2019,8,KUL,   ,   ,MH,NH,  ,  ,6.38,739.28,4717,416.48,2657
BEHIND,KUL,HND,NH,LHE,LAHORE,HND,TOKYO,Discount Coach,2019,8,KUL,   ,   ,OD,NH,  ,  ,5.45,162.8,887,90.29,492
BEHIND,KUL,HND,NH,KCH,KUCHING,HND,TOKYO,Discount Coach,2019,8,KUL,   ,   ,OD,NH,  ,  ,5.28,180.75,954,152.82,807
BEHIND,KUL,HND,NH,KTM,KATHMANDU,HND,TOKYO,Discount Coach,2019,8,KUL,   ,   ,RA,NH,  ,  ,4.96,302.57,1501,187.72,931
BEHIND,KUL,HND,NH,PER,PERTH,HND,TOKYO,Discount Coach,2019,8,KUL,   ,   ,OD,NH,  ,  ,4.77,738.37,3522,416.48,1987
BEHIND,KUL,HND,NH,KTM,KATHMANDU,HND,TOKYO,Discount Coach,2019,8,KUL,   ,   ,MH,NH,  ,  ,4.45,302.5,1346,187.72,835
BEHIND,KUL,HND,NH,JHB,JOHOR BAHRU,HND,TOKYO,Business,2019,8,KUL,   ,   ,MH,NH,  ,  ,3.46,1724.11,5965,1642.63,5683
BEHIND,KUL,HND,NH,SIN,SINGAPORE,HND,TOKYO,Discount Coach,2019,8,KUL,   ,   ,SQ,NH,  ,  ,3.46,509.36,1762,483.4,1673
LOCAL,KUL,HND,YY,KUL,KUALA LUMPUR,HND,TOKYO,Discount Coach,2019,8,   ,   ,   ,YY,  ,  ,  ,3.41,259.23,884,259.3,884
BEHIND,KUL,HND,NH,DAC,DHAKA,HND,TOKYO,Business,2019,8,KUL,   ,   ,MH,NH,  ,  ,3.3,1245.67,4111,835.32,2757
BEHIND,KUL,HND,NH,DAC,DHAKA,HND,TOKYO,Discount Coach,2019,8,KUL,   ,   ,OD,NH,  ,  ,3.24,266.43,863,178.34,578
BEHIND,KUL,HND,NH,LGK,LANGKAWI,HND,TOKYO,Business,2019,8,KUL,   ,   ,MH,NH,  ,  ,3.14,1650.38,5182,1516.57,4762
BEHIND,KUL,HND,NH,KBR,KOTA BHARU,HND,TOKYO,Business,2019,8,KUL,   ,   ,MH,NH,  ,  ,3.12,902.33,2815,843.06,2630
BEHIND,KUL,HND,NH,CMB,COLOMBO,HND,TOKYO,Business,2019,8,KUL,   ,   ,OD,NH,  ,  ,3.1,1756.41,5445,1199.01,3717
BEHIND,KUL,HND,NH,KTM,KATHMANDU,HND,TOKYO,Business,2019,8,KUL,   ,   ,MH,NH,  ,  ,2.96,885.26,2620,548.11,1622
BEHIND,KUL,HND,NH,LHE,LAHORE,HND,TOKYO,Business,2019,8,KUL,   ,   ,OD,NH,  ,  ,2.18,964.04,2102,534.66,1166
BEHIND,KUL,HND,NH,BTU,BINTULU,HND,TOKYO,Discount Coach,2019,8,KUL,   ,   ,MH,NH,  ,  ,1.98,876.48,1735,709.98,1406
BEHIND,KUL,HND,NH,BWN,BANDAR SERI BEGAWAN,HND,TOKYO,Discount Coach,2019,8,KUL,   ,   ,BI,NH,  ,  ,1.76,841.47,1481,657.58,1157
BEHIND,KUL,HND,NH,LGK,LANGKAWI,HND,TOKYO,Business,2019,8,KUL,   ,   ,OD,NH,  ,  ,1.76,2008.69,3535,1854.55,3264
BEHIND,KUL,HND,NH,JHB,JOHOR BAHRU,HND,TOKYO,Discount Coach,2019,8,KUL,   ,   ,OD,NH,  ,  ,1.7,216.39,368,207.34,352
BEHIND,KUL,HND,NH,SIN,SINGAPORE,HND,TOKYO,Business,2019,8,KUL,   ,   ,MI,NH,  ,  ,1.69,1791.89,3028,1700.14,2873
BEHIND,KUL,HND,NH,MAA,CHENNAI,HND,TOKYO,Business,2019,8,KUL,   ,   ,ID,NH,  ,  ,1.64,2574.88,4223,1727.56,2833
BEHIND,KUL,HND,NH,BKK,BANGKOK,HND,TOKYO,Business,2019,8,KUL,   ,   ,TG,NH,  ,  ,1.63,1408.06,2295,1147.3,1870
BEHIND,KUL,HND,NH,PER,PERTH,HND,TOKYO,Business,2019,8,KUL,   ,   ,MH,NH,  ,  ,1.6,1855.09,2968,1048.36,1677
BEHIND,KUL,HND,NH,PER,PERTH,HND,TOKYO,Business,2019,8,KUL,   ,   ,OD,NH,  ,  ,1.59,1858.62,2955,1048.36,1667
BEHIND,KUL,HND,NH,KBR,KOTA BHARU,HND,TOKYO,Discount Coach,2019,8,KUL,   ,   ,MH,NH,  ,  ,1.56,281.85,440,263.34,411
BEHIND,KUL,HND,NH,KUA,KUANTAN,HND,TOKYO,Business,2019,8,KUL,   ,   ,MH,NH,  ,  ,1.21,3370.34,4078,3253.84,3937
BEHIND,KUL,HND,NH,KUA,KUANTAN,HND,TOKYO,Discount Coach,2019,8,KUL,   ,   ,MH,NH,  ,  ,1.21,203.65,246,196.61,238
BEHIND,KUL,HND,NH,BKO,BAMAKO,HND,TOKYO,Business,2019,8,ADD,SIN,KUL,ET,ET,ET,NH,1.19,2602.29,3097,774.94,922
LOCAL,KUL,HND,D7,KUL,KUALA LUMPUR,HND,TOKYO,Discount Coach,2019,9,   ,   ,   ,D7,  ,  ,  ,10241.93,231.9,2375059,231.9,2375104
LOCAL,KUL,HND,NH,KUL,KUALA LUMPUR,HND,TOKYO,Discount Coach,2019,9,   ,   ,   ,NH,  ,  ,  ,3139.46,336.71,1057091,336.81,1057392
LOCAL,KUL,HND,NH,KUL,KUALA LUMPUR,HND,TOKYO,Business,2019,9,   ,   ,   ,NH,  ,  ,  ,826.74,1464.58,1210829,1465.12,1211275
LOCAL,KUL,HND,D7,KUL,KUALA LUMPUR,HND,TOKYO,Business,2019,9,   ,   ,   ,D7,  ,  ,  ,190.04,231.9,44070,231.9,44070
BEHIND,KUL,HND,NH,PEN,PENANG,HND,TOKYO,Discount Coach,2019,9,KUL,   ,   ,MH,NH,  ,  ,29.46,410.61,12097,387.24,11408
BEHIND,KUL,HND,NH,LGK,LANGKAWI,HND,TOKYO,Discount Coach,2019,9,KUL,   ,   ,MH,NH,  ,  ,23.6,332.2,7840,306.2,7226
BEHIND,KUL,HND,NH,MAA,CHENNAI,HND,TOKYO,Discount Coach,2019,9,KUL,   ,   ,ID,NH,  ,  ,22.42,1010.84,22663,677.74,15195
BEHIND,KUL,HND,NH,LGK,LANGKAWI,HND,TOKYO,Discount Coach,2019,9,KUL,   ,   ,OD,NH,  ,  ,16.02,206.13,3302,189.94,3043
BEHIND,KUL,HND,NH,PEN,PENANG,HND,TOKYO,Discount Coach,2019,9,KUL,   ,   ,OD,NH,  ,  ,15.22,443.38,6748,418,6362
BEHIND,KUL,HND,NH,DAC,DHAKA,HND,TOKYO,Discount Coach,2019,9,KUL,   ,   ,MH,NH,  ,  ,15.02,319.99,4806,214.18,3217
BEHIND,KUL,HND,NH,KTM,KATHMANDU,HND,TOKYO,Discount Coach,2019,9,KUL,   ,   ,OD,NH,  ,  ,8.9,186.48,1660,115.6,1029
BEHIND,KUL,HND,NH,CMB,COLOMBO,HND,TOKYO,Discount Coach,2019,9,KUL,   ,   ,OD,NH,  ,  ,8.77,277.24,2431,189.89,1665
BEHIND,KUL,HND,NH,HYD,HYDERABAD,HND,TOKYO,Discount Coach,2019,9,KUL,   ,   ,MH,NH,  ,  ,8.1,886.22,7178,566.58,4589
BEHIND,KUL,HND,NH,DAC,DHAKA,HND,TOKYO,Business,2019,9,KUL,   ,   ,MH,NH,  ,  ,6,1256.55,7539,839.92,5040
BEHIND,KUL,HND,NH,KTM,KATHMANDU,HND,TOKYO,Discount Coach,2019,9,KUL,   ,   ,RA,NH,  ,  ,5.8,186.17,1080,115.6,670
BEHIND,KUL,HND,NH,KCH,KUCHING,HND,TOKYO,Discount Coach,2019,9,KUL,   ,   ,OD,NH,  ,  ,4.82,179.63,866,152.02,733
BEHIND,KUL,HND,NH,KNO,MEDAN,HND,TOKYO,Discount Coach,2019,9,KUL,   ,   ,MH,NH,  ,  ,4.51,517.8,2335,488.27,2202
BEHIND,KUL,HND,NH,LHE,LAHORE,HND,TOKYO,Business,2019,9,KUL,   ,   ,OD,NH,  ,  ,4.04,1209.04,4885,672.54,2717
BEHIND,KUL,HND,NH,KCH,KUCHING,HND,TOKYO,Discount Coach,2019,9,KUL,   ,   ,MH,NH,  ,  ,3.78,1309.37,4949,1105.88,4180
BEHIND,KUL,HND,NH,BKI,KOTA KINABALU,HND,TOKYO,Discount Coach,2019,9,KUL,   ,   ,MH,NH,  ,  ,3.43,338.94,1163,259.56,890
BEHIND,KUL,HND,NH,LGK,LANGKAWI,HND,TOKYO,Business,2019,9,KUL,   ,   ,MH,NH,  ,  ,3.38,1414.43,4781,1306.63,4416
BEHIND,KUL,HND,NH,JHB,JOHOR BAHRU,HND,TOKYO,Discount Coach,2019,9,KUL,   ,   ,MH,NH,  ,  ,3.34,647.34,2162,619.94,2071
BEHIND,KUL,HND,NH,PEN,PENANG,HND,TOKYO,Business,2019,9,KUL,   ,   ,MH,NH,  ,  ,3.28,1371.35,4498,1295.96,4251
BEHIND,KUL,HND,NH,SIN,SINGAPORE,HND,TOKYO,Business,2019,9,KUL,   ,   ,SQ,NH,  ,  ,3.24,1386.91,4494,1317.49,4269
BEHIND,KUL,HND,NH,SIN,SINGAPORE,HND,TOKYO,Discount Coach,2019,9,KUL,   ,   ,MH,NH,  ,  ,3.02,156.01,471,147.76,446
BEHIND,KUL,HND,NH,KTM,KATHMANDU,HND,TOKYO,Business,2019,9,KUL,   ,   ,RA,NH,  ,  ,2.9,879.39,2550,546.02,1583
BEHIND,KUL,HND,NH,HYD,HYDERABAD,HND,TOKYO,Business,2019,9,KUL,   ,   ,MH,NH,  ,  ,2.7,2168.76,5856,1386.54,3744
BEHIND,KUL,HND,NH,KUA,KUANTAN,HND,TOKYO,Discount Coach,2019,9,KUL,   ,   ,MH,NH,  ,  ,2.32,210.56,489,202.92,471
BEHIND,KUL,HND,D7,SIN,SINGAPORE,HND,TOKYO,Discount Coach,2019,9,KUL,   ,   ,AK,D7,  ,  ,2.03,230.77,468,218.5,444
LOCAL,KUL,HND,S7,KUL,KUALA LUMPUR,HND,TOKYO,Business,2019,9,   ,   ,   ,S7,  ,  ,  ,1.8,1401.53,2523,1400.72,2521
BEHIND,KUL,HND,NH,SIN,SINGAPORE,HND,TOKYO,Discount Coach,2019,9,KUL,   ,   ,MI,NH,  ,  ,1.56,452.76,706,428.16,668
BEHIND,KUL,HND,NH,HKG,HONG KONG,HND,TOKYO,Business,2019,9,SIN,KUL,   ,CX,SQ,NH,  ,1.53,1739.31,2661,1134.25,1735
BEHIND,KUL,HND,NH,CGK,JAKARTA,HND,TOKYO,Discount Coach,2019,9,KUL,   ,   ,KL,NH,  ,  ,1.52,639.7,972,529.28,805
BEHIND,KUL,HND,NH,BKK,BANGKOK,HND,TOKYO,Business,2019,9,KUL,   ,   ,MH,NH,  ,  ,1.5,1258.73,1888,1024.15,1536
BEHIND,KUL,HND,NH,BLR,BENGALURU,HND,TOKYO,Discount Coach,2019,9,KUL,   ,   ,MH,NH,  ,  ,1.5,891.42,1337,579.8,870
BEHIND,KUL,HND,NH,MAA,CHENNAI,HND,TOKYO,Discount Coach,2019,9,KUL,   ,   ,MH,NH,  ,  ,1.5,1007.52,1511,677.74,1017
BEHIND,KUL,HND,NH,SOC,SOLO CITY,HND,TOKYO,Business,2019,9,KUL,   ,   ,MH,NH,  ,  ,1.5,1011.54,1517,786.72,1180
BEHIND,KUL,HND,NH,MAA,CHENNAI,HND,TOKYO,Business,2019,9,KUL,   ,   ,ID,NH,  ,  ,1.49,2506.74,3735,1675.45,2496
BEHIND,KUL,HND,NH,CGK,JAKARTA,HND,TOKYO,Business,2019,9,KUL,   ,   ,MH,NH,  ,  ,1.47,1978.8,2909,1631.65,2399
BEHIND,KUL,HND,NH,PER,PERTH,HND,TOKYO,Business,2019,9,KUL,   ,   ,MH,NH,  ,  ,1.44,2070.57,2982,1165.67,1679
BEHIND,KUL,HND,NH,PER,PERTH,HND,TOKYO,Business,2019,9,KUL,   ,   ,OD,NH,  ,  ,1.44,2061.54,2969,1165.67,1679
LOCAL,KUL,HND,D7,KUL,KUALA LUMPUR,HND,TOKYO,Discount Coach,2019,10,   ,   ,   ,D7,  ,  ,  ,10776.97,220.11,2372092,220.11,2372119
LOCAL,KUL,HND,NH,KUL,KUALA LUMPUR,HND,TOKYO,Discount Coach,2019,10,   ,   ,   ,NH,  ,  ,  ,3061.26,285.76,874773,285.71,874646
LOCAL,KUL,HND,NH,KUL,KUALA LUMPUR,HND,TOKYO,Business,2019,10,   ,   ,   ,NH,  ,  ,  ,640.2,1459.21,934184,1458.82,933938
LOCAL,KUL,HND,NH,KUL,KUALA LUMPUR,HND,TOKYO,Premium Coach,2019,10,   ,   ,   ,NH,  ,  ,  ,149.99,536.87,80526,536.8,80515
BEHIND,KUL,HND,NH,PEN,PENANG,HND,TOKYO,Discount Coach,2019,10,KUL,   ,   ,MH,NH,  ,  ,41.57,355.61,14783,334.84,13919
BEHIND,KUL,HND,NH,MAA,CHENNAI,HND,TOKYO,Discount Coach,2019,10,KUL,   ,   ,ID,NH,  ,  ,20.82,220.12,4583,147.58,3073
BEHIND,KUL,HND,NH,CMB,COLOMBO,HND,TOKYO,Discount Coach,2019,10,KUL,   ,   ,OD,NH,  ,  ,16.79,349.07,5861,238.85,4010
BEHIND,KUL,HND,NH,LGK,LANGKAWI,HND,TOKYO,Discount Coach,2019,10,KUL,   ,   ,MH,NH,  ,  ,15.45,829.33,12813,764.48,11811
BEHIND,KUL,HND,NH,PEN,PENANG,HND,TOKYO,Discount Coach,2019,10,KUL,   ,   ,OD,NH,  ,  ,14.67,345.32,5066,325.37,4773
BEHIND,KUL,HND,NH,BWN,BANDAR SERI BEGAWAN,HND,TOKYO,Discount Coach,2019,10,KUL,   ,   ,BI,NH,  ,  ,14.1,1542.6,21751,1207.27,17023
BEHIND,KUL,HND,NH,BKI,KOTA KINABALU,HND,TOKYO,Discount Coach,2019,10,KUL,   ,   ,MH,NH,  ,  ,12.24,1168.95,14308,896.93,10978
BEHIND,KUL,HND,NH,JHB,JOHOR BAHRU,HND,TOKYO,Discount Coach,2019,10,KUL,   ,   ,MH,NH,  ,  ,10.18,226.07,2301,216.15,2200
BEHIND,KUL,HND,NH,PEN,PENANG,HND,TOKYO,Business,2019,10,KUL,   ,   ,MH,NH,  ,  ,9.96,1600.74,15943,1504.71,14987
BEHIND,KUL,HND,NH,DAC,DHAKA,HND,TOKYO,Discount Coach,2019,10,KUL,   ,   ,OD,NH,  ,  ,9.28,1034.92,9604,693.07,6432
BEHIND,KUL,HND,NH,LHE,LAHORE,HND,TOKYO,Discount Coach,2019,10,KUL,   ,   ,OD,NH,  ,  ,8.96,194.04,1739,107.58,964
BEHIND,KUL,HND,NH,KCH,KUCHING,HND,TOKYO,Discount Coach,2019,10,KUL,   ,   ,MH,NH,  ,  ,7.72,368.02,2841,311.91,2408
BEHIND,KUL,HND,NH,SIN,SINGAPORE,HND,TOKYO,Discount Coach,2019,10,KUL,   ,   ,MH,NH,  ,  ,6.48,396.23,2568,375.73,2435
BEHIND,KUL,HND,NH,DAC,DHAKA,HND,TOKYO,Discount Coach,2019,10,KUL,   ,   ,MH,NH,  ,  ,6.44,1034.88,6665,693.07,4463
BEHIND,KUL,HND,NH,KUA,KUANTAN,HND,TOKYO,Discount Coach,2019,10,KUL,   ,   ,MH,NH,  ,  ,5.9,1493.89,8814,1439.21,8491
BEHIND,KUL,HND,NH,KCH,KUCHING,HND,TOKYO,Discount Coach,2019,10,KUL,   ,   ,OD,NH,  ,  ,5.16,186.48,962,157.67,814
BEHIND,KUL,HND,NH,CMB,COLOMBO,HND,TOKYO,Business,2019,10,KUL,   ,   ,OD,NH,  ,  ,4.58,1769.94,8106,1211.3,5548
BEHIND,KUL,HND,NH,RUN,ST DENIS DE LA REUNION,HND,TOKYO,Discount Coach,2019,10,MRU,SIN,KUL,MK,MK,MK,NH,3.95,1352.15,5341,631.29,2494
BEHIND,KUL,HND,NH,DAC,DHAKA,HND,TOKYO,Business,2019,10,KUL,   ,   ,RX,NH,  ,  ,3.46,1689.14,5844,1132.66,3919
BEHIND,KUL,HND,NH,LBU,LABUAN,HND,TOKYO,Discount Coach,2019,10,KUL,   ,   ,MH,NH,  ,  ,3.43,240.99,827,187.32,643
BEHIND,KUL,HND,NH,SIN,SINGAPORE,HND,TOKYO,Discount Coach,2019,10,KUL,   ,   ,MI,NH,  ,  ,3.3,1144.18,3776,1084.56,3579
BEHIND,KUL,HND,NH,RGN,YANGON,HND,TOKYO,Discount Coach,2019,10,KUL,   ,   ,OD,NH,  ,  ,3.24,316.09,1024,240.88,780
BEHIND,KUL,HND,NH,DAC,DHAKA,HND,TOKYO,Business,2019,10,KUL,   ,   ,MH,NH,  ,  ,3.22,1258.12,4051,842.58,2713
BEHIND,KUL,HND,NH,KTM,KATHMANDU,HND,TOKYO,Business,2019,10,KUL,   ,   ,OD,NH,  ,  ,3.18,886.54,2819,549.73,1748
BEHIND,KUL,HND,NH,KTM,KATHMANDU,HND,TOKYO,Discount Coach,2019,10,KUL,   ,   ,OD,NH,  ,  ,3.18,291.39,927,180.69,575
BEHIND,KUL,HND,NH,KBR,KOTA BHARU,HND,TOKYO,Discount Coach,2019,10,KUL,   ,   ,MH,NH,  ,  ,3.04,395.32,1202,368.25,1119
BEHIND,KUL,HND,NH,LHE,LAHORE,HND,TOKYO,Business,2019,10,KUL,   ,   ,OD,NH,  ,  ,2.56,1011.07,2588,560.54,1435
BEHIND,KUL,HND,D7,HKT,PHUKET,HND,TOKYO,Discount Coach,2019,10,KUL,   ,   ,AK,D7,  ,  ,2.25,207.15,466,182.78,411
BEHIND,KUL,HND,NH,KCH,KUCHING,HND,TOKYO,Business,2019,10,KUL,   ,   ,MH,NH,  ,  ,1.93,1054.8,2036,893.99,1725
BEHIND,KUL,HND,NH,BKI,KOTA KINABALU,HND,TOKYO,Business,2019,10,KUL,   ,   ,MH,NH,  ,  ,1.75,1664.35,2913,1278.09,2237
BEHIND,KUL,HND,NH,LBU,LABUAN,HND,TOKYO,Business,2019,10,KUL,   ,   ,MH,NH,  ,  ,1.72,2164.78,3723,1687.49,2902
BEHIND,KUL,HND,NH,SIN,SINGAPORE,HND,TOKYO,Premium Coach,2019,10,KUL,   ,   ,MH,NH,  ,  ,1.62,873.01,1414,827.86,1341
BEHIND,KUL,HND,NH,ICN,SEOUL,HND,TOKYO,Business,2019,10,KUL,   ,   ,MH,NH,  ,  ,1.61,509.42,820,274.27,442
BEHIND,KUL,HND,NH,KNO,MEDAN,HND,TOKYO,Business,2019,10,KUL,   ,   ,MH,NH,  ,  ,1.61,1525.37,2456,1437.57,2314
BEHIND,KUL,HND,NH,CMN,CASABLANCA,HND,TOKYO,Business,2019,10,DOH,KUL,   ,QR,QR,NH,  ,1.6,2540.66,4065,800.52,1281
BEHIND,KUL,HND,NH,MAA,CHENNAI,HND,TOKYO,Business,2019,10,KUL,   ,   ,ID,NH,  ,  ,1.6,2399.08,3839,1606.89,2571
BEHIND,KUL,HND,NH,KBR,KOTA BHARU,HND,TOKYO,Business,2019,10,KUL,   ,   ,MH,NH,  ,  ,1.52,905.62,1377,843.61,1282
BEHIND,KUL,HND,D7,PER,PERTH,HND,TOKYO,Discount Coach,2019,10,KUL,   ,   ,D7,D7,  ,  ,1.44,244.51,352,137.98,199
BEHIND,KUL,HND,NH,CMB,COLOMBO,HND,TOKYO,Discount Coach,2019,10,KUL,   ,   ,MH,NH,  ,  ,1.26,350.37,441,238.85,301
BEHIND,KUL,HND,D7,AUH,ABU DHABI,HND,TOKYO,Discount Coach,2019,10,KUL,   ,   ,EY,D7,  ,  ,1.11,123.83,137,60.64,67
LOCAL,KUL,HND,D7,KUL,KUALA LUMPUR,HND,TOKYO,Discount Coach,2019,11,   ,   ,   ,D7,  ,  ,  ,10372.62,220,2282016,220,2281976
LOCAL,KUL,HND,NH,KUL,KUALA LUMPUR,HND,TOKYO,Discount Coach,2019,11,   ,   ,   ,NH,  ,  ,  ,3086.22,242.74,749154,242.82,749382
LOCAL,KUL,HND,NH,KUL,KUALA LUMPUR,HND,TOKYO,Business,2019,11,   ,   ,   ,NH,  ,  ,  ,637.29,1289.94,822068,1290.75,822583
LOCAL,KUL,HND,NH,KUL,KUALA LUMPUR,HND,TOKYO,Premium Coach,2019,11,   ,   ,   ,NH,  ,  ,  ,192.87,561.92,108378,562.28,108447
BEHIND,KUL,HND,D7,DXB,DUBAI,HND,TOKYO,Discount Coach,2019,11,KUL,   ,   ,EK,D7,  ,  ,48.9,410.44,20071,201.51,9854
BEHIND,KUL,HND,NH,PEN,PENANG,HND,TOKYO,Discount Coach,2019,11,KUL,   ,   ,MH,NH,  ,  ,32.77,520.74,17065,491.03,16091
BEHIND,KUL,HND,NH,PEN,PENANG,HND,TOKYO,Discount Coach,2019,11,KUL,   ,   ,AK,NH,  ,  ,29.18,538.79,15722,507.92,14821
BEHIND,KUL,HND,NH,REP,SIEM REAP,HND,TOKYO,Discount Coach,2019,11,KUL,   ,   ,AK,NH,  ,  ,27.76,230.98,6412,188.41,5230
BEHIND,KUL,HND,NH,DAC,DHAKA,HND,TOKYO,Discount Coach,2019,11,KUL,   ,   ,BG,NH,  ,  ,26.78,172.6,4622,115.54,3094
BEHIND,KUL,HND,NH,CMB,COLOMBO,HND,TOKYO,Discount Coach,2019,11,KUL,   ,   ,AK,NH,  ,  ,25.47,249.16,6346,170.56,4344
BEHIND,KUL,HND,NH,PEN,PENANG,HND,TOKYO,Discount Coach,2019,11,KUL,   ,   ,OD,NH,  ,  ,23.2,538.64,12496,507.92,11784
BEHIND,KUL,HND,NH,LGK,LANGKAWI,HND,TOKYO,Discount Coach,2019,11,KUL,   ,   ,OD,NH,  ,  ,16.61,380.38,6318,350.57,5823
BEHIND,KUL,HND,NH,RGN,YANGON,HND,TOKYO,Discount Coach,2019,11,KUL,   ,   ,AK,NH,  ,  ,16.04,1050.55,16851,798.42,12807
BEHIND,KUL,HND,NH,BKI,KOTA KINABALU,HND,TOKYO,Discount Coach,2019,11,KUL,   ,   ,MH,NH,  ,  ,13.76,703.87,9685,539.55,7424
BEHIND,KUL,HND,NH,LGK,LANGKAWI,HND,TOKYO,Discount Coach,2019,11,KUL,   ,   ,MH,NH,  ,  ,13.29,389.7,5179,359.24,4774
BEHIND,KUL,HND,NH,KCH,KUCHING,HND,TOKYO,Discount Coach,2019,11,KUL,   ,   ,MH,NH,  ,  ,12.86,330.81,4254,279.99,3601
BEHIND,KUL,HND,NH,KCH,KUCHING,HND,TOKYO,Discount Coach,2019,11,KUL,   ,   ,AK,NH,  ,  ,12.18,179.89,2191,152.15,1853
BEHIND,KUL,HND,NH,VTE,VIENTIANE,HND,TOKYO,Discount Coach,2019,11,KUL,   ,   ,AK,NH,  ,  ,12.02,451.92,5432,343.14,4125
BEHIND,KUL,HND,NH,BWN,BANDAR SERI BEGAWAN,HND,TOKYO,Discount Coach,2019,11,KUL,   ,   ,BI,NH,  ,  ,11.89,1295.28,15401,1012.38,12037
BEHIND,KUL,HND,NH,PEN,PENANG,HND,TOKYO,Business,2019,11,KUL,   ,   ,MH,NH,  ,  ,11.48,1150.65,13209,1086.02,12468
BEHIND,KUL,HND,NH,KCH,KUCHING,HND,TOKYO,Discount Coach,2019,11,KUL,   ,   ,OD,NH,  ,  ,10.38,476.04,4941,402.62,4179
BEHIND,KUL,HND,NH,BLR,BENGALURU,HND,TOKYO,Discount Coach,2019,11,KUL,   ,   ,MH,NH,  ,  ,10.02,1120.48,11227,727.57,7290
BEHIND,KUL,HND,NH,KCH,KUCHING,HND,TOKYO,Business,2019,11,KUL,   ,   ,MH,NH,  ,  ,7.36,1625.77,11966,1377.89,10141
BEHIND,KUL,HND,D7,DXB,DUBAI,HND,TOKYO,Business,2019,11,KUL,   ,   ,EK,D7,  ,  ,7.24,2092.43,15149,1026.68,7433
BEHIND,KUL,HND,NH,BKI,KOTA KINABALU,HND,TOKYO,Discount Coach,2019,11,KUL,   ,   ,OD,NH,  ,  ,6.78,467.69,3171,358.97,2434
BEHIND,KUL,HND,NH,KTM,KATHMANDU,HND,TOKYO,Discount Coach,2019,11,KUL,   ,   ,OD,NH,  ,  ,6.62,296.5,1963,183.77,1217
BEHIND,KUL,HND,NH,LGK,LANGKAWI,HND,TOKYO,Discount Coach,2019,11,KUL,   ,   ,AK,NH,  ,  ,6.6,362.42,2392,334.45,2207
BEHIND,KUL,HND,NH,PDG,PADANG,HND,TOKYO,Discount Coach,2019,11,KUL,   ,   ,AK,NH,  ,  ,5.32,225.07,1197,208.5,1109
BEHIND,KUL,HND,NH,PNH,PHNOM PENH,HND,TOKYO,Discount Coach,2019,11,KUL,   ,   ,MH,NH,  ,  ,4.98,483.04,2406,404.87,2016
BEHIND,KUL,HND,NH,KUA,KUANTAN,HND,TOKYO,Business,2019,11,KUL,   ,   ,MH,NH,  ,  ,4.5,1888.71,8499,1821.86,8198
BEHIND,KUL,HND,NH,KTM,KATHMANDU,HND,TOKYO,Discount Coach,2019,11,KUL,   ,   ,RA,NH,  ,  ,4.14,295.91,1225,183.77,761
BEHIND,KUL,HND,NH,BWN,BANDAR SERI BEGAWAN,HND,TOKYO,Discount Coach,2019,11,KUL,   ,   ,AK,NH,  ,  ,4,773.97,3096,604.64,2419
BEHIND,KUL,HND,NH,PNH,PHNOM PENH,HND,TOKYO,Discount Coach,2019,11,KUL,   ,   ,AK,NH,  ,  ,3.94,484.2,1908,404.87,1595
BEHIND,KUL,HND,NH,PLM,PALEMBANG,HND,TOKYO,Discount Coach,2019,11,KUL,   ,   ,AK,NH,  ,  ,3.84,254.97,979,225.05,864
BEHIND,KUL,HND,NH,LHE,LAHORE,HND,TOKYO,Business,2019,11,KUL,   ,   ,OD,NH,  ,  ,3.69,1190.59,4393,660.88,2439
BEHIND,KUL,HND,NH,SIN,SINGAPORE,HND,TOKYO,Business,2019,11,KUL,   ,   ,MI,NH,  ,  ,3.6,1164.66,4193,1103.96,3974
BEHIND,KUL,HND,NH,SIN,SINGAPORE,HND,TOKYO,Discount Coach,2019,11,KUL,   ,   ,MI,NH,  ,  ,3.6,361.94,1303,343.09,1235
BEHIND,KUL,HND,NH,JHB,JOHOR BAHRU,HND,TOKYO,Discount Coach,2019,11,KUL,   ,   ,AK,NH,  ,  ,3.56,185.92,662,177.63,632
BEHIND,KUL,HND,NH,JHB,JOHOR BAHRU,HND,TOKYO,Business,2019,11,KUL,   ,   ,MH,NH,  ,  ,3.42,935.63,3200,891.21,3048
BEHIND,KUL,HND,NH,CMB,COLOMBO,HND,TOKYO,Business,2019,11,KUL,   ,   ,AK,NH,  ,  ,3.4,1211.76,4120,830.5,2824
BEHIND,KUL,HND,NH,BKI,KOTA KINABALU,HND,TOKYO,Business,2019,11,KUL,   ,   ,OD,NH,  ,  ,3.38,708.86,2396,542.49,1834
BEHIND,KUL,HND,NH,BKK,BANGKOK,HND,TOKYO,Business,2019,11,KUL,   ,   ,MH,NH,  ,  ,3.34,1451.81,4849,1181.02,3945
BEHIND,KUL,HND,NH,BWN,BANDAR SERI BEGAWAN,HND,TOKYO,Discount Coach,2019,11,KUL,   ,   ,MH,NH,  ,  ,3.34,774.6,2587,604.64,2019
BEHIND,KUL,HND,NH,KTM,KATHMANDU,HND,TOKYO,Business,2019,11,KUL,   ,   ,OD,NH,  ,  ,3.32,899.89,2988,559.46,1857
BEHIND,KUL,HND,NH,PEN,PENANG,HND,TOKYO,Business,2019,11,KUL,   ,   ,OD,NH,  ,  ,3.32,1131.75,3757,1069.05,3549
BEHIND,KUL,HND,NH,LGK,LANGKAWI,HND,TOKYO,Business,2019,11,KUL,   ,   ,AK,NH,  ,  ,3.3,1181.33,3898,1090.19,3598
BEHIND,KUL,HND,NH,AOR,ALOR SETAR,HND,TOKYO,Business,2019,11,KUL,   ,   ,AK,NH,  ,  ,3.22,2401.6,7733,2227.94,7174
BEHIND,KUL,HND,NH,KUA,KUANTAN,HND,TOKYO,Discount Coach,2019,11,KUL,   ,   ,MH,NH,  ,  ,3,584.43,1753,563.75,1691
BEHIND,KUL,HND,NH,SBW,SIBU,HND,TOKYO,Discount Coach,2019,11,KUL,   ,   ,MH,NH,  ,  ,2.89,949.65,2744,782.68,2262
BEHIND,KUL,HND,NH,TGG,KUALA TERENGGANU,HND,TOKYO,Discount Coach,2019,11,KUL,   ,   ,MH,NH,  ,  ,2.35,703.85,1654,663.17,1558
BEHIND,KUL,HND,NH,TGG,KUALA TERENGGANU,HND,TOKYO,Business,2019,11,KUL,   ,   ,MH,NH,  ,  ,2.34,1145.56,2681,1074.77,2515
BEHIND,KUL,HND,NH,MLE,MALE,HND,TOKYO,Business,2019,11,KUL,   ,   ,AK,NH,  ,  ,2,2017.7,4035,1271.18,2542
BEHIND,KUL,HND,NH,VCA,CAN THO,HND,TOKYO,Business,2019,11,KUL,   ,   ,AK,NH,  ,  ,2,772.91,1546,657.66,1315
BEHIND,KUL,HND,NH,BWN,BANDAR SERI BEGAWAN,HND,TOKYO,Business,2019,11,KUL,   ,   ,BI,NH,  ,  ,1.98,2099.95,4158,1639.24,3246
BEHIND,KUL,HND,NH,PNK,PONTIANAK,HND,TOKYO,Discount Coach,2019,11,KUL,   ,   ,AK,NH,  ,  ,1.89,183.28,346,156.72,296
BEHIND,KUL,HND,NH,LHR,LONDON,HND,TOKYO,Business,2019,11,KUL,   ,   ,BA,NH,  ,  ,1.86,3813.57,7093,1279.21,2379
BEHIND,KUL,HND,NH,BDO,BANDUNG,HND,TOKYO,Business,2019,11,KUL,   ,   ,AK,NH,  ,  ,1.85,1084.78,2007,880.62,1629
BEHIND,KUL,HND,NH,BDO,BANDUNG,HND,TOKYO,Discount Coach,2019,11,KUL,   ,   ,AK,NH,  ,  ,1.85,268.97,498,218.35,404
BEHIND,KUL,HND,NH,SIN,SINGAPORE,HND,TOKYO,Business,2019,11,KUL,   ,   ,SQ,NH,  ,  ,1.79,956.13,1711,903.31,1617
BEHIND,KUL,HND,NH,JHB,JOHOR BAHRU,HND,TOKYO,Premium Coach,2019,11,KUL,   ,   ,MH,NH,  ,  ,1.71,2040.63,3489,1943.75,3324
BEHIND,KUL,HND,NH,LGK,LANGKAWI,HND,TOKYO,Premium Coach,2019,11,KUL,   ,   ,OD,NH,  ,  ,1.66,605.88,1006,558.05,926
BEHIND,KUL,HND,NH,PEN,PENANG,HND,TOKYO,Premium Coach,2019,11,KUL,   ,   ,MH,NH,  ,  ,1.64,768.11,1260,724.97,1189
BEHIND,KUL,HND,NH,BKK,BANGKOK,HND,TOKYO,Business,2019,11,KUL,   ,   ,TG,NH,  ,  ,1.63,1763.03,2874,1432.54,2335
BEHIND,KUL,HND,NH,AOR,ALOR SETAR,HND,TOKYO,Discount Coach,2019,11,KUL,   ,   ,MH,NH,  ,  ,1.62,851.02,1379,789.56,1279
BEHIND,KUL,HND,NH,HKG,HONG KONG,HND,TOKYO,Business,2019,11,SYD,MEL,KUL,CX,QF,MH,NH,1.6,897.59,1436,243.4,389
BEHIND,KUL,HND,D7,AUH,ABU DHABI,HND,TOKYO,Discount Coach,2019,11,KUL,   ,   ,EY,D7,  ,  ,1.48,333.21,493,163.29,242
BEHIND,KUL,HND,NH,MCT,MUSCAT,HND,TOKYO,Business,2019,11,KUL,   ,   ,WY,NH,  ,  ,1.48,2401.82,3555,1214.11,1797
BEHIND,KUL,HND,NH,CDG,PARIS,HND,TOKYO,Business,2019,11,AMS,KUL,   ,AF,KL,NH,  ,1.43,2557.92,3658,856.14,1224
BEHIND,KUL,HND,NH,SBW,SIBU,HND,TOKYO,Business,2019,11,KUL,   ,   ,AK,NH,  ,  ,1.19,818.08,974,671.27,799
BEHIND,KUL,HND,NH,CDG,PARIS,HND,TOKYO,Discount Coach,2019,11,AMS,KUL,   ,AF,KL,NH,  ,0.31,326.06,101,108.19,34
LOCAL,KUL,HND,D7,KUL,KUALA LUMPUR,HND,TOKYO,Discount Coach,2019,12,   ,   ,   ,D7,  ,  ,  ,10688.67,220.29,2354657,220.29,2354607
LOCAL,KUL,HND,NH,KUL,KUALA LUMPUR,HND,TOKYO,Discount Coach,2019,12,   ,   ,   ,NH,  ,  ,  ,2544.98,291.3,741359,291.35,741491
LOCAL,KUL,HND,NH,KUL,KUALA LUMPUR,HND,TOKYO,Business,2019,12,   ,   ,   ,NH,  ,  ,  ,460.9,1293.17,596021,1293.51,596176
LOCAL,KUL,HND,NH,KUL,KUALA LUMPUR,HND,TOKYO,Premium Coach,2019,12,   ,   ,   ,NH,  ,  ,  ,120.38,337.54,40633,337.61,40642
BEHIND,KUL,HND,D7,DXB,DUBAI,HND,TOKYO,Discount Coach,2019,12,KUL,   ,   ,EK,D7,  ,  ,73.73,393.36,29003,193.13,14239
BEHIND,KUL,HND,NH,PEN,PENANG,HND,TOKYO,Discount Coach,2019,12,KUL,   ,   ,MH,NH,  ,  ,39.5,387.51,15307,365.16,14424
BEHIND,KUL,HND,NH,REP,SIEM REAP,HND,TOKYO,Discount Coach,2019,12,KUL,   ,   ,AK,NH,  ,  ,28.21,328.15,9257,267.68,7551
BEHIND,KUL,HND,NH,RGN,YANGON,HND,TOKYO,Discount Coach,2019,12,KUL,   ,   ,AK,NH,  ,  ,21.92,385.45,8449,293,6423
BEHIND,KUL,HND,NH,SIN,SINGAPORE,HND,TOKYO,Discount Coach,2019,12,KUL,   ,   ,MH,NH,  ,  ,17.18,763.66,13120,724.66,12450
BEHIND,KUL,HND,NH,CMB,COLOMBO,HND,TOKYO,Discount Coach,2019,12,KUL,   ,   ,AK,NH,  ,  ,14.38,1718.84,24717,1176.57,16919
BEHIND,KUL,HND,NH,SIN,SINGAPORE,HND,TOKYO,Discount Coach,2019,12,KUL,   ,   ,MI,NH,  ,  ,13.85,287,3975,271.92,3766
BEHIND,KUL,HND,NH,PEN,PENANG,HND,TOKYO,Business,2019,12,KUL,   ,   ,MH,NH,  ,  ,12.64,704.93,8910,664.28,8397
BEHIND,KUL,HND,NH,PEN,PENANG,HND,TOKYO,Discount Coach,2019,12,KUL,   ,   ,AK,NH,  ,  ,12.12,363.3,4403,342.42,4150
BEHIND,KUL,HND,NH,LGK,LANGKAWI,HND,TOKYO,Discount Coach,2019,12,KUL,   ,   ,MH,NH,  ,  ,11.2,544.6,6100,502.22,5625
BEHIND,KUL,HND,NH,BLR,BENGALURU,HND,TOKYO,Discount Coach,2019,12,KUL,   ,   ,MH,NH,  ,  ,10.3,1083.95,11165,704.92,7261
BEHIND,KUL,HND,NH,DAC,DHAKA,HND,TOKYO,Discount Coach,2019,12,KUL,   ,   ,MH,NH,  ,  ,8.59,221.95,1907,148.58,1276
BEHIND,KUL,HND,D7,DXB,DUBAI,HND,TOKYO,Business,2019,12,KUL,   ,   ,EK,D7,  ,  ,7.48,2273.91,17009,1116.52,8352
BEHIND,KUL,HND,NH,DAC,DHAKA,HND,TOKYO,Discount Coach,2019,12,KUL,   ,   ,BG,NH,  ,  ,6.88,221.78,1526,148.58,1022
BEHIND,KUL,HND,NH,ISB,ISLAMABAD,HND,TOKYO,Discount Coach,2019,12,KUL,   ,   ,PK,NH,  ,  ,6.88,180.82,1244,97.92,674
BEHIND,KUL,HND,NH,VTE,VIENTIANE,HND,TOKYO,Discount Coach,2019,12,KUL,   ,   ,AK,NH,  ,  ,6.6,239.35,1580,181.88,1200
BEHIND,KUL,HND,NH,LGK,LANGKAWI,HND,TOKYO,Business,2019,12,KUL,   ,   ,MH,NH,  ,  ,6.4,1056.45,6761,974.23,6235
BEHIND,KUL,HND,NH,LGK,LANGKAWI,HND,TOKYO,Discount Coach,2019,12,KUL,   ,   ,OD,NH,  ,  ,6.4,213.05,1364,196.34,1257
BEHIND,KUL,HND,NH,BWN,BANDAR SERI BEGAWAN,HND,TOKYO,Business,2019,12,KUL,   ,   ,BI,NH,  ,  ,6.3,1517.16,9558,1187.33,7480
BEHIND,KUL,HND,NH,DAC,DHAKA,HND,TOKYO,Discount Coach,2019,12,KUL,   ,   ,OD,NH,  ,  ,5.44,221.36,1204,148.58,808
BEHIND,KUL,HND,NH,KCH,KUCHING,HND,TOKYO,Business,2019,12,KUL,   ,   ,MH,NH,  ,  ,5.22,2213.88,11556,1877.75,9802
BEHIND,KUL,HND,NH,KCH,KUCHING,HND,TOKYO,Discount Coach,2019,12,KUL,   ,   ,MH,NH,  ,  ,5.21,679.11,3538,574.9,2995
BEHIND,KUL,HND,NH,DAC,DHAKA,HND,TOKYO,Business,2019,12,KUL,   ,   ,MH,NH,  ,  ,5.16,1251.58,6458,838.85,4328
BEHIND,KUL,HND,NH,PEN,PENANG,HND,TOKYO,Business,2019,12,KUL,   ,   ,OD,NH,  ,  ,4.96,676.18,3354,637.71,3163
BEHIND,KUL,HND,D7,PER,PERTH,HND,TOKYO,Discount Coach,2019,12,KUL,   ,   ,D7,D7,  ,  ,4.77,254.98,1216,144.13,688
BEHIND,KUL,HND,NH,BWN,BANDAR SERI BEGAWAN,HND,TOKYO,Discount Coach,2019,12,KUL,   ,   ,AK,NH,  ,  ,4.4,463.05,2037,362.64,1596
BEHIND,KUL,HND,NH,PLM,PALEMBANG,HND,TOKYO,Discount Coach,2019,12,KUL,   ,   ,AK,NH,  ,  ,4.2,271.03,1138,239.14,1004
BEHIND,KUL,HND,NH,KTM,KATHMANDU,HND,TOKYO,Discount Coach,2019,12,KUL,   ,   ,RA,NH,  ,  ,3.82,188.24,719,116.54,445
BEHIND,KUL,HND,NH,CMB,COLOMBO,HND,TOKYO,Business,2019,12,KUL,   ,   ,AK,NH,  ,  ,3.6,1195.49,4304,819.47,2950
BEHIND,KUL,HND,NH,SIN,SINGAPORE,HND,TOKYO,Business,2019,12,KUL,   ,   ,MH,NH,  ,  ,3.44,2030.42,6985,1927.57,6631
BEHIND,KUL,HND,NH,BKI,KOTA KINABALU,HND,TOKYO,Business,2019,12,KUL,   ,   ,MH,NH,  ,  ,3.35,1403.51,4702,1074.66,3600
BEHIND,KUL,HND,NH,KTM,KATHMANDU,HND,TOKYO,Business,2019,12,KUL,   ,   ,OD,NH,  ,  ,3.32,890.86,2958,552.86,1835
BEHIND,KUL,HND,NH,PEN,PENANG,HND,TOKYO,Discount Coach,2019,12,KUL,   ,   ,OD,NH,  ,  ,3.31,362.71,1201,342.42,1133
BEHIND,KUL,HND,NH,DAC,DHAKA,HND,TOKYO,Business,2019,12,KUL,   ,   ,OD,NH,  ,  ,3.27,1538.83,5032,1034.8,3384
BEHIND,KUL,HND,NH,KUA,KUANTAN,HND,TOKYO,Business,2019,12,KUL,   ,   ,MH,NH,  ,  ,2.94,2240.87,6588,2156.02,6339
BEHIND,KUL,HND,NH,KUA,KUANTAN,HND,TOKYO,Discount Coach,2019,12,KUL,   ,   ,MH,NH,  ,  ,2.94,415.17,1221,399.44,1174
BEHIND,KUL,HND,NH,LGK,LANGKAWI,HND,TOKYO,Business,2019,12,KUL,   ,   ,AK,NH,  ,  ,2.94,1167.19,3432,1072.43,3153
BEHIND,KUL,HND,NH,LGK,LANGKAWI,HND,TOKYO,Discount Coach,2019,12,KUL,   ,   ,AK,NH,  ,  ,2.94,213.69,628,196.34,577
BEHIND,KUL,HND,NH,MLE,MALE,HND,TOKYO,Business,2019,12,KUL,   ,   ,AK,NH,  ,  ,2.2,3000.42,6601,1894.97,4169
BEHIND,KUL,HND,NH,PNH,PHNOM PENH,HND,TOKYO,Discount Coach,2019,12,KUL,   ,   ,AK,NH,  ,  ,2.16,407.88,881,341.89,738
BEHIND,KUL,HND,NH,TPE,TAIPEI,HND,TOKYO,Discount Coach,2019,12,KUL,   ,   ,BR,NH,  ,  ,2.14,523.57,1120,326.27,698
BEHIND,KUL,HND,NH,PNK,PONTIANAK,HND,TOKYO,Discount Coach,2019,12,KUL,   ,   ,AK,NH,  ,  ,2.06,198.62,409,169.39,349
BEHIND,KUL,HND,NH,MRS,MARSEILLE,HND,TOKYO,Business,2019,12,AMS,KUL,   ,AF,KL,NH,  ,2,2576.99,5154,833.75,1668
BEHIND,KUL,HND,NH,TLS,TOULOUSE,HND,TOKYO,Business,2019,12,AMS,KUL,   ,KL,KL,NH,  ,1.98,2087.69,4134,672.68,1332
BEHIND,KUL,HND,D7,KBV,KRABI,HND,TOKYO,Discount Coach,2019,12,KUL,   ,   ,AK,D7,  ,  ,1.96,199.05,390,176.92,347
BEHIND,KUL,HND,NH,PER,PERTH,HND,TOKYO,Business,2019,12,KUL,   ,   ,MH,NH,  ,  ,1.79,1360.7,2436,766.63,1372
BEHIND,KUL,HND,NH,KCH,KUCHING,HND,TOKYO,Discount Coach,2019,12,KUL,   ,   ,AK,NH,  ,  ,1.76,193.22,340,163.81,288
BEHIND,KUL,HND,NH,BWN,BANDAR SERI BEGAWAN,HND,TOKYO,Discount Coach,2019,12,KUL,   ,   ,MH,NH,  ,  ,1.72,463.15,797,362.64,624
BEHIND,KUL,HND,NH,DAC,DHAKA,HND,TOKYO,Business,2019,12,KUL,   ,   ,BG,NH,  ,  ,1.72,1252.1,2154,838.85,1443
BEHIND,KUL,HND,NH,HKG,HONG KONG,HND,TOKYO,Business,2019,12,KUL,   ,   ,KA,NH,  ,  ,1.71,1054.27,1803,715.61,1224
BEHIND,KUL,HND,NH,PNH,PHNOM PENH,HND,TOKYO,Discount Coach,2019,12,KUL,   ,   ,MH,NH,  ,  ,1.7,408.18,694,341.89,581
BEHIND,KUL,HND,NH,BTU,BINTULU,HND,TOKYO,Business,2019,12,KUL,   ,   ,MH,NH,  ,  ,1.69,776.79,1313,629.59,1064
BEHIND,KUL,HND,NH,BTU,BINTULU,HND,TOKYO,Discount Coach,2019,12,KUL,   ,   ,MH,NH,  ,  ,1.69,697.69,1179,565.48,956
BEHIND,KUL,HND,NH,LGK,LANGKAWI,HND,TOKYO,Premium Coach,2019,12,KUL,   ,   ,MH,NH,  ,  ,1.6,593.35,949,547.17,875
BEHIND,KUL,HND,NH,PEN,PENANG,HND,TOKYO,Premium Coach,2019,12,KUL,   ,   ,MH,NH,  ,  ,1.58,727.13,1149,685.19,1083
BEHIND,KUL,HND,NH,AOR,ALOR SETAR,HND,TOKYO,Business,2019,12,KUL,   ,   ,MH,NH,  ,  ,1.47,2521.95,3707,2346.14,3449
BEHIND,KUL,HND,NH,AOR,ALOR SETAR,HND,TOKYO,Discount Coach,2019,12,KUL,   ,   ,MH,NH,  ,  ,1.47,2412.8,3547,2244.59,3300
BEHIND,KUL,HND,NH,KTM,KATHMANDU,HND,TOKYO,Business,2019,12,KUL,   ,   ,MH,NH,  ,  ,1.26,2102.05,2649,1304.19,1643
BEHIND,KUL,HND,NH,MRS,MARSEILLE,HND,TOKYO,Discount Coach,2019,12,AMS,KUL,   ,AF,KL,NH,  ,0.12,329.33,40,102.18,12
BEHIND,KUL,HND,NH,TLS,TOULOUSE,HND,TOKYO,Discount Coach,2019,12,AMS,KUL,   ,KL,KL,NH,  ,0.12,327.58,39,102.26,12
