"Leg Type","Leg Origin Airport","Leg Destination Airport","Leg Operating Airline","Origin Airport","Origin City Name","Destination Airport","Destination City Name","Cabin Class","Year","Month","Leg 2","Leg 3","Leg 4","Leg 1 Operating Airline","Leg 2 Operating Airline","Leg 3 Operating Airline","Leg 4 Operating Airline","Passengers","OD Avg. Base Fare(USD)","OD Base Revenue(USD)","Leg Avg. Base Fare (USD) Stline","Leg Base Revenue (USD) Stline"
"LOCAL","SIN","JED","TR","SIN","SINGAPORE","JED","JEDDAH","Discount Coach","2019","1","   ","   ","   ","TR","  ","  ","  ","3396.5","388.25","1318683","388.25","1318683"
"LOCAL","SIN","JED","SV","SIN","SINGAPORE","JED","JEDDAH","Discount Coach","2019","1","   ","   ","   ","SV","  ","  ","  ","2799.97","335.48","939331","335.49","939370"
"LOCAL","SIN","JED","SV","SIN","SINGAPORE","JED","JEDDAH","Business","2019","1","   ","   ","   ","SV","  ","  ","  ","239.19","856.25","204806","856.38","204837"
"BEHIND","SIN","JED","TR","MNL","MANILA","JED","JEDDAH","Discount Coach","2019","1","SIN","   ","   ","TR","TR","  ","  ","144.34","526.12","75941","397.28","57343"
"BEHIND","SIN","JED","TR","SUB","SURABAYA","JED","JEDDAH","Discount Coach","2019","1","SIN","   ","   ","TR","TR","  ","  ","26.42","353.92","9351","297.81","7868"
"BEHIND","SIN","JED","SV","CGK","JAKARTA","JED","JEDDAH","Discount Coach","2019","1","SIN","   ","   ","GA","SV","  ","  ","25.2","328.56","8280","293.39","7393"
"BEHIND","SIN","JED","TR","DPS","DENPASAR BALI","JED","JEDDAH","Discount Coach","2019","1","SIN","   ","   ","TR","TR","  ","  ","21.14","314.92","6657","256.39","5420"
"BEHIND","SIN","JED","TR","KUL","KUALA LUMPUR","JED","JEDDAH","Discount Coach","2019","1","SIN","   ","   ","TR","TR","  ","  ","20","70.97","1419","68.25","1365"
"BEHIND","SIN","JED","TR","KUL","KUALA LUMPUR","JED","JEDDAH","Discount Coach","2019","1","SIN","   ","   ","MI","TR","  ","  ","18.46","209.34","3864","201.02","3711"
"BEHIND","SIN","JED","TR","PVG","SHANGHAI","JED","JEDDAH","Discount Coach","2019","1","SIN","   ","   ","SQ","TR","  ","  ","7.45","484.48","3609","319.21","2378"
"BEHIND","SIN","JED","SV","MNL","MANILA","JED","JEDDAH","Discount Coach","2019","1","SIN","   ","   ","PR","SV","  ","  ","7.3","496.13","3622","375.06","2738"
"BEHIND","SIN","JED","TR","HKG","HONG KONG","JED","JEDDAH","Discount Coach","2019","1","SIN","   ","   ","TR","TR","  ","  ","5.98","324.99","1943","241.1","1442"
"BEHIND","SIN","JED","SV","DAD","DA NANG","JED","JEDDAH","Discount Coach","2019","1","SGN","SIN","   ","VN","SQ","SV","  ","5.84","4774.79","27885","3882.23","22672"
"BEHIND","SIN","JED","TR","DPS","DENPASAR BALI","JED","JEDDAH","Discount Coach","2019","1","SIN","   ","   ","SQ","TR","  ","  ","5.64","303.4","1711","247.13","1394"
"BEHIND","SIN","JED","TR","SGN","HO CHI MINH CITY","JED","JEDDAH","Discount Coach","2019","1","SIN","   ","   ","TR","TR","  ","  ","5.29","367.96","1947","320.42","1695"
"BEHIND","SIN","JED","TR","CRK","LUZON IS","JED","JEDDAH","Discount Coach","2019","1","SIN","   ","   ","TR","TR","  ","  ","4.9","164.24","805","123.9","607"
"BEHIND","SIN","JED","SV","AKL","AUCKLAND","JED","JEDDAH","Discount Coach","2019","1","SIN","   ","   ","SQ","SV","  ","  ","4.52","1461.27","6605","682.62","3085"
"BEHIND","SIN","JED","SV","ROK","ROCKHAMPTON","JED","JEDDAH","Discount Coach","2019","1","BNE","SIN","   ","QF","EK","SV","  ","3.89","504.81","1964","264.85","1030"
"BEHIND","SIN","JED","TR","PER","PERTH","JED","JEDDAH","Discount Coach","2019","1","SIN","   ","   ","TR","TR","  ","  ","3.06","810.53","2480","530.5","1623"
"BEHIND","SIN","JED","SV","HKG","HONG KONG","JED","JEDDAH","Business","2019","1","SIN","   ","   ","SQ","SV","  ","  ","2.89","1218.19","3521","902.42","2608"
"BEHIND","SIN","JED","TR","PER","PERTH","JED","JEDDAH","Discount Coach","2019","1","SIN","   ","   ","SQ","TR","  ","  ","2.85","542.14","1545","353.69","1008"
"BEHIND","SIN","JED","TR","CGK","JAKARTA","JED","JEDDAH","Discount Coach","2019","1","SIN","   ","   ","TR","TR","  ","  ","2.4","397.87","955","354.78","851"
"BEHIND","SIN","JED","SV","PEK","BEIJING","JED","JEDDAH","Discount Coach","2019","1","SIN","   ","   ","CA","SV","  ","  ","2.39","328.74","786","204.25","488"
"BEHIND","SIN","JED","SV","BNE","BRISBANE","JED","JEDDAH","Discount Coach","2019","1","SIN","   ","   ","SQ","SV","  ","  ","2.37","845.82","2005","460.51","1091"
"BEHIND","SIN","JED","TR","PVG","SHANGHAI","JED","JEDDAH","Business","2019","1","SIN","   ","   ","SQ","TR","  ","  ","1.86","485.13","902","319.21","594"
"BEHIND","SIN","JED","TR","SZX","SHENZHEN","JED","JEDDAH","Discount Coach","2019","1","SIN","   ","   ","ZH","TR","  ","  ","1.73","233.61","404","172.52","298"
"BEHIND","SIN","JED","SV","ITM","OSAKA","JED","JEDDAH","Business","2019","1","HND","SIN","   ","NH","NH","SV","  ","1.54","2248.47","3463","1270.34","1956"
"BEHIND","SIN","JED","TR","GES","GENERAL SANTOS","JED","JEDDAH","Discount Coach","2019","1","MNL","SIN","   ","PR","TR","TR","  ","1.37","231.56","317","157.92","216"
"BEHIND","SIN","JED","TR","NKG","NANKING/NANJING","JED","JEDDAH","Discount Coach","2019","1","SIN","   ","   ","TR","TR","  ","  ","1.14","241.46","275","159.73","182"
"LOCAL","SIN","JED","TR","SIN","SINGAPORE","JED","JEDDAH","Discount Coach","2019","2","   ","   ","   ","TR","  ","  ","  ","3434.91","300.61","1032578","300.61","1032585"
"LOCAL","SIN","JED","SV","SIN","SINGAPORE","JED","JEDDAH","Discount Coach","2019","2","   ","   ","   ","SV","  ","  ","  ","1876","277.6","520773","277.61","520806"
"LOCAL","SIN","JED","SV","SIN","SINGAPORE","JED","JEDDAH","Business","2019","2","   ","   ","   ","SV","  ","  ","  ","228.01","751.41","171328","751.47","171342"
"BEHIND","SIN","JED","TR","KUL","KUALA LUMPUR","JED","JEDDAH","Discount Coach","2019","2","SIN","   ","   ","MI","TR","  ","  ","42.44","302.15","12823","290.26","12319"
"BEHIND","SIN","JED","SV","SUB","SURABAYA","JED","JEDDAH","Discount Coach","2019","2","SIN","   ","   ","TR","SV","  ","  ","37.54","435.14","16335","366.62","13763"
"BEHIND","SIN","JED","TR","MNL","MANILA","JED","JEDDAH","Discount Coach","2019","2","SIN","   ","   ","TR","TR","  ","  ","25.59","454.27","11625","343.35","8786"
"BEHIND","SIN","JED","TR","SUB","SURABAYA","JED","JEDDAH","Discount Coach","2019","2","SIN","   ","   ","TR","TR","  ","  ","23.42","369.39","8651","310.96","7283"
"LOCAL","SIN","JED","TR","SIN","SINGAPORE","JED","JEDDAH","Business","2019","2","   ","   ","   ","TR","  ","  ","  ","7.03","778.19","5471","777.76","5468"
"BEHIND","SIN","JED","SV","BWN","BANDAR SERI BEGAWAN","JED","JEDDAH","Business","2019","2","SIN","   ","   ","BI","SV","  ","  ","5.92","1552.23","9189","1321.51","7823"
"BEHIND","SIN","JED","SV","TPE","TAIPEI","JED","JEDDAH","Discount Coach","2019","2","SIN","   ","   ","BR","SV","  ","  ","5.22","500.22","2611","347.99","1817"
"BEHIND","SIN","JED","TR","CGK","JAKARTA","JED","JEDDAH","Discount Coach","2019","2","SIN","   ","   ","TR","TR","  ","  ","4.72","256.29","1210","228.19","1077"
"BEHIND","SIN","JED","TR","DPS","DENPASAR BALI","JED","JEDDAH","Discount Coach","2019","2","SIN","   ","   ","TR","TR","  ","  ","2.6","386.91","1006","314.74","818"
"BEHIND","SIN","JED","SV","BNE","BRISBANE","JED","JEDDAH","Business","2019","2","SIN","   ","   ","SQ","SV","  ","  ","2.44","3110.47","7590","1693.48","4132"
"BEHIND","SIN","JED","TR","KUL","KUALA LUMPUR","JED","JEDDAH","Business","2019","2","SIN","   ","   ","MI","TR","  ","  ","2.02","715.89","1446","687.38","1389"
"BEHIND","SIN","JED","TR","KUL","KUALA LUMPUR","JED","JEDDAH","Discount Coach","2019","2","SIN","   ","   ","SQ","TR","  ","  ","2.02","302.3","611","290.26","586"
"BEHIND","SIN","JED","TR","TPE","TAIPEI","JED","JEDDAH","Business","2019","2","SIN","   ","   ","TR","TR","  ","  ","1.76","397.89","700","277.07","488"
"BEHIND","SIN","JED","TR","PVG","SHANGHAI","JED","JEDDAH","Discount Coach","2019","2","SIN","   ","   ","SQ","TR","  ","  ","1.72","371.06","638","244.57","421"
"BEHIND","SIN","JED","TR","PER","PERTH","JED","JEDDAH","Discount Coach","2019","2","SIN","   ","   ","TR","TR","  ","  ","1.56","247.61","386","161.91","253"
"BEHIND","SIN","JED","TR","AKL","AUCKLAND","JED","JEDDAH","Discount Coach","2019","2","SIN","   ","   ","SQ","TR","  ","  ","1.39","577.92","803","269.39","374"
"LOCAL","SIN","JED","TR","SIN","SINGAPORE","JED","JEDDAH","Discount Coach","2019","3","   ","   ","   ","TR","  ","  ","  ","3466.78","273.96","949745","273.95","949740"
"LOCAL","SIN","JED","SV","SIN","SINGAPORE","JED","JEDDAH","Discount Coach","2019","3","   ","   ","   ","SV","  ","  ","  ","2165.35","278.81","603714","278.79","603689"
"LOCAL","SIN","JED","SV","SIN","SINGAPORE","JED","JEDDAH","Business","2019","3","   ","   ","   ","SV","  ","  ","  ","302.71","956.85","289648","956.7","289602"
"BEHIND","SIN","JED","SV","BWN","BANDAR SERI BEGAWAN","JED","JEDDAH","Discount Coach","2019","3","SIN","   ","   ","BI","SV","  ","  ","30.99","621.83","19271","529.77","16418"
"BEHIND","SIN","JED","TR","CGK","JAKARTA","JED","JEDDAH","Discount Coach","2019","3","SIN","   ","   ","TR","TR","  ","  ","24","348.6","8366","311.58","7478"
"BEHIND","SIN","JED","TR","MNL","MANILA","JED","JEDDAH","Discount Coach","2019","3","SIN","   ","   ","TR","TR","  ","  ","22.24","371.11","8253","280.59","6240"
"BEHIND","SIN","JED","TR","SUB","SURABAYA","JED","JEDDAH","Discount Coach","2019","3","SIN","   ","   ","TR","TR","  ","  ","21.12","471.34","9955","397.25","8390"
"BEHIND","SIN","JED","TR","RGN","YANGON","JED","JEDDAH","Discount Coach","2019","3","SIN","   ","   ","MI","TR","  ","  ","7.22","753.17","5438","596.85","4309"
"BEHIND","SIN","JED","TR","DPS","DENPASAR BALI","JED","JEDDAH","Discount Coach","2019","3","SIN","   ","   ","TR","TR","  ","  ","5.28","522.7","2760","426.17","2250"
"BEHIND","SIN","JED","TR","PVG","SHANGHAI","JED","JEDDAH","Discount Coach","2019","3","SIN","   ","   ","SQ","TR","  ","  ","5.23","460.85","2410","303.92","1589"
"BEHIND","SIN","JED","SV","XMN","XIAMEN","JED","JEDDAH","Discount Coach","2019","3","SIN","   ","   ","MF","SV","  ","  ","4.76","360.34","1715","256.37","1220"
"BEHIND","SIN","JED","TR","KUL","KUALA LUMPUR","JED","JEDDAH","Discount Coach","2019","3","SIN","   ","   ","SQ","TR","  ","  ","4.1","198.87","815","191.32","784"
"BEHIND","SIN","JED","SV","PER","PERTH","JED","JEDDAH","Discount Coach","2019","3","SIN","   ","   ","SQ","SV","  ","  ","2.9","1602.17","4646","1047.53","3038"
"BEHIND","SIN","JED","SV","PEK","BEIJING","JED","JEDDAH","Business","2019","3","SIN","   ","   ","SQ","SV","  ","  ","2.87","1158.52","3325","719.25","2064"
"BEHIND","SIN","JED","TR","SGN","HO CHI MINH CITY","JED","JEDDAH","Discount Coach","2019","3","SIN","   ","   ","TR","TR","  ","  ","2.64","431.08","1138","375.57","992"
"BEHIND","SIN","JED","SV","BLQ","BOLOGNA","JED","JEDDAH","Business","2019","3","IST","SIN","   ","TK","TK","SV","  ","2.63","4487.09","11801","1883.29","4953"
"BEHIND","SIN","JED","SV","PVG","SHANGHAI","JED","JEDDAH","Discount Coach","2019","3","SIN","   ","   ","MU","SV","  ","  ","2.44","332.64","812","219.1","535"
"BEHIND","SIN","JED","SV","PEK","BEIJING","JED","JEDDAH","Discount Coach","2019","3","SIN","   ","   ","CA","SV","  ","  ","2.36","443.28","1046","275.08","649"
"BEHIND","SIN","JED","TR","KUL","KUALA LUMPUR","JED","JEDDAH","Discount Coach","2019","3","SIN","   ","   ","MI","TR","  ","  ","2.05","198.87","408","191.32","392"
"BEHIND","SIN","JED","TR","HKG","HONG KONG","JED","JEDDAH","Discount Coach","2019","3","SIN","   ","   ","SQ","TR","  ","  ","1.72","403.83","695","299.3","515"
"BEHIND","SIN","JED","TR","PEK","BEIJING","JED","JEDDAH","Business","2019","3","SIN","   ","   ","SQ","TR","  ","  ","1.72","1810.18","3114","1122.96","1931"
"BEHIND","SIN","JED","TR","PEK","BEIJING","JED","JEDDAH","Discount Coach","2019","3","SIN","   ","   ","SQ","TR","  ","  ","1.72","131.53","226","81.59","140"
"BEHIND","SIN","JED","TR","PER","PERTH","JED","JEDDAH","Discount Coach","2019","3","SIN","   ","   ","SQ","TR","  ","  ","1.41","1204.43","1698","785.34","1107"
"BEHIND","SIN","JED","SV","MYJ","MATSUYAMA","JED","JEDDAH","Business","2019","3","ITM","SIN","   ","EH","SQ","SV","  ","1.37","1300.48","1782","762.23","1044"
"BEHIND","SIN","JED","TR","PEK","BEIJING","JED","JEDDAH","Discount Coach","2019","3","SIN","   ","   ","CA","TR","  ","  ","1.33","131.41","175","81.59","109"
"BEHIND","SIN","JED","TR","CRK","LUZON IS","JED","JEDDAH","Discount Coach","2019","3","SIN","   ","   ","TR","TR","  ","  ","1.25","395.33","494","298.35","373"
"BEHIND","SIN","JED","TR","BNE","BRISBANE","JED","JEDDAH","Discount Coach","2019","3","SIN","   ","   ","SQ","TR","  ","  ","1.2","617.62","741","335.62","403"
"LOCAL","SIN","JED","TR","SIN","SINGAPORE","JED","JEDDAH","Discount Coach","2019","4","   ","   ","   ","TR","  ","  ","  ","3244.1","266.46","864412","266.45","864403"
"LOCAL","SIN","JED","SV","SIN","SINGAPORE","JED","JEDDAH","Discount Coach","2019","4","   ","   ","   ","SV","  ","  ","  ","1955.6","330.47","646265","330.46","646253"
"BEHIND","SIN","JED","TR","RGN","YANGON","JED","JEDDAH","Discount Coach","2019","4","SIN","   ","   ","SQ","TR","  ","  ","292.1","640.19","187001","507.13","148131"
"LOCAL","SIN","JED","SV","SIN","SINGAPORE","JED","JEDDAH","Business","2019","4","   ","   ","   ","SV","  ","  ","  ","234.89","832.23","195483","832.19","195472"
"BEHIND","SIN","JED","TR","RGN","YANGON","JED","JEDDAH","Discount Coach","2019","4","SIN","   ","   ","MI","TR","  ","  ","168.58","608.06","102507","481.62","81192"
"BEHIND","SIN","JED","TR","SUB","SURABAYA","JED","JEDDAH","Discount Coach","2019","4","SIN","   ","   ","TR","TR","  ","  ","39.6","363.35","14389","306.26","12128"
"BEHIND","SIN","JED","TR","DAC","DHAKA","JED","JEDDAH","Discount Coach","2019","4","SIN","   ","   ","TR","TR","  ","  ","23.59","128.3","3027","92.05","2171"
"BEHIND","SIN","JED","TR","KUL","KUALA LUMPUR","JED","JEDDAH","Discount Coach","2019","4","SIN","   ","   ","SQ","TR","  ","  ","22.98","202.12","4645","194.38","4467"
"BEHIND","SIN","JED","TR","CGK","JAKARTA","JED","JEDDAH","Discount Coach","2019","4","SIN","   ","   ","TR","TR","  ","  ","22.8","181.95","4148","162.61","3708"
"BEHIND","SIN","JED","TR","HKG","HONG KONG","JED","JEDDAH","Discount Coach","2019","4","SIN","   ","   ","SQ","TR","  ","  ","17.54","303.82","5329","225.29","3952"
"BEHIND","SIN","JED","SV","CGK","JAKARTA","JED","JEDDAH","Discount Coach","2019","4","SIN","   ","   ","GA","SV","  ","  ","17.26","488.76","8436","436.41","7532"
"BEHIND","SIN","JED","TR","MNL","MANILA","JED","JEDDAH","Discount Coach","2019","4","SIN","   ","   ","TR","TR","  ","  ","16.65","149.72","2493","113.07","1883"
"BEHIND","SIN","JED","TR","DPS","DENPASAR BALI","JED","JEDDAH","Discount Coach","2019","4","SIN","   ","   ","TR","TR","  ","  ","10.56","394.77","4169","321.84","3399"
"BEHIND","SIN","JED","SV","BWN","BANDAR SERI BEGAWAN","JED","JEDDAH","Business","2019","4","SIN","   ","   ","BI","SV","  ","  ","9.36","2279.02","21332","1942.17","18179"
"BEHIND","SIN","JED","TR","SGN","HO CHI MINH CITY","JED","JEDDAH","Discount Coach","2019","4","SIN","   ","   ","TR","TR","  ","  ","7.92","372.35","2949","324.37","2569"
"BEHIND","SIN","JED","TR","CAN","GUANGZHOU","JED","JEDDAH","Discount Coach","2019","4","SIN","   ","   ","TR","TR","  ","  ","7.6","266.82","2028","196.32","1492"
"BEHIND","SIN","JED","SV","BWN","BANDAR SERI BEGAWAN","JED","JEDDAH","Discount Coach","2019","4","SIN","   ","   ","BI","SV","  ","  ","6.24","429.81","2682","366.28","2286"
"BEHIND","SIN","JED","TR","KUL","KUALA LUMPUR","JED","JEDDAH","Discount Coach","2019","4","SIN","   ","   ","MI","TR","  ","  ","6.15","202.11","1243","194.38","1195"
"BEHIND","SIN","JED","TR","PVG","SHANGHAI","JED","JEDDAH","Discount Coach","2019","4","SIN","   ","   ","SQ","TR","  ","  ","3.55","574.18","2038","378.23","1343"
"BEHIND","SIN","JED","SV","HND","TOKYO","JED","JEDDAH","Business","2019","4","SIN","   ","   ","SQ","SV","  ","  ","2.81","3770.86","10596","2190.7","6156"
"BEHIND","SIN","JED","TR","PNH","PHNOM PENH","JED","JEDDAH","Discount Coach","2019","4","SIN","   ","   ","MI","TR","  ","  ","2.77","414.42","1148","358.56","993"
"BEHIND","SIN","JED","TR","MEL","MELBOURNE","JED","JEDDAH","Discount Coach","2019","4","SIN","   ","   ","SQ","TR","  ","  ","2.49","583.37","1453","320.84","799"
"BEHIND","SIN","JED","SV","CAN","GUANGZHOU","JED","JEDDAH","Business","2019","4","SIN","   ","   ","CZ","SV","  ","  ","2.32","1326.78","3078","975.3","2263"
"BEHIND","SIN","JED","TR","KUL","KUALA LUMPUR","JED","JEDDAH","Discount Coach","2019","4","SIN","   ","   ","TR","TR","  ","  ","2.22","195.11","433","187.83","417"
"BEHIND","SIN","JED","TR","KUL","KUALA LUMPUR","JED","JEDDAH","Discount Coach","2019","4","SIN","   ","   ","MH","TR","  ","  ","1.99","514.59","1024","494.21","983"
"BEHIND","SIN","JED","TR","CAN","GUANGZHOU","JED","JEDDAH","Business","2019","4","SIN","   ","   ","TR","TR","  ","  ","1.9","1190.13","2261","875.68","1664"
"BEHIND","SIN","JED","TR","BKK","BANGKOK","JED","JEDDAH","Discount Coach","2019","4","SIN","   ","   ","TR","TR","  ","  ","1.86","66.85","124","55.98","104"
"BEHIND","SIN","JED","TR","PVG","SHANGHAI","JED","JEDDAH","Business","2019","4","SIN","   ","   ","SQ","TR","  ","  ","1.78","1398.52","2489","923.83","1644"
"BEHIND","SIN","JED","TR","PEK","BEIJING","JED","JEDDAH","Discount Coach","2019","4","SIN","   ","   ","SQ","TR","  ","  ","1.76","367.39","647","228.81","403"
"BEHIND","SIN","JED","TR","UPG","UJUNG PANDANG","JED","JEDDAH","Discount Coach","2019","4","SIN","   ","   ","MI","TR","  ","  ","1.38","2812.84","3882","2249.92","3105"
"BEHIND","SIN","JED","TR","PER","PERTH","JED","JEDDAH","Discount Coach","2019","4","SIN","   ","   ","SQ","TR","  ","  ","1.34","587.64","787","383.63","514"
"BEHIND","SIN","JED","TR","PEK","BEIJING","JED","JEDDAH","Business","2019","4","SIN","   ","   ","CA","TR","  ","  ","1.33","1806.93","2403","1122.96","1494"
"BEHIND","SIN","JED","TR","PEK","BEIJING","JED","JEDDAH","Discount Coach","2019","4","SIN","   ","   ","CA","TR","  ","  ","1.33","368.17","490","228.81","304"
"LOCAL","SIN","JED","TR","SIN","SINGAPORE","JED","JEDDAH","Discount Coach","2019","5","   ","   ","   ","TR","  ","  ","  ","3253.9","337.21","1097241","337.21","1097235"
"LOCAL","SIN","JED","SV","SIN","SINGAPORE","JED","JEDDAH","Discount Coach","2019","5","   ","   ","   ","SV","  ","  ","  ","1125.55","328.2","369408","328.23","369437"
"LOCAL","SIN","JED","SV","SIN","SINGAPORE","JED","JEDDAH","Business","2019","5","   ","   ","   ","SV","  ","  ","  ","302.48","879.62","266067","879.76","266109"
"BEHIND","SIN","JED","TR","RGN","YANGON","JED","JEDDAH","Discount Coach","2019","5","SIN","   ","   ","SQ","TR","  ","  ","284.23","713.33","202749","565.09","160616"
"BEHIND","SIN","JED","TR","KUL","KUALA LUMPUR","JED","JEDDAH","Discount Coach","2019","5","SIN","   ","   ","SQ","TR","  ","  ","108.47","249.54","27068","240.06","26039"
"BEHIND","SIN","JED","TR","MNL","MANILA","JED","JEDDAH","Discount Coach","2019","5","SIN","   ","   ","TR","TR","  ","  ","103.58","149.94","15531","113.43","11749"
"BEHIND","SIN","JED","TR","RGN","YANGON","JED","JEDDAH","Discount Coach","2019","5","SIN","   ","   ","MI","TR","  ","  ","87.23","731.29","63791","579.51","50551"
"BEHIND","SIN","JED","TR","SUB","SURABAYA","JED","JEDDAH","Discount Coach","2019","5","SIN","   ","   ","TR","TR","  ","  ","33.96","344.55","11701","290.07","9851"
"BEHIND","SIN","JED","SV","BWN","BANDAR SERI BEGAWAN","JED","JEDDAH","Discount Coach","2019","5","SIN","   ","   ","BI","SV","  ","  ","25.39","467.18","11862","397.94","10104"
"BEHIND","SIN","JED","TR","CGK","JAKARTA","JED","JEDDAH","Discount Coach","2019","5","SIN","   ","   ","TR","TR","  ","  ","22.59","189.51","4281","169.41","3827"
"BEHIND","SIN","JED","SV","BNE","BRISBANE","JED","JEDDAH","Discount Coach","2019","5","SIN","   ","   ","SQ","SV","  ","  ","21.84","623.26","13612","339.75","7420"
"BEHIND","SIN","JED","TR","KUL","KUALA LUMPUR","JED","JEDDAH","Discount Coach","2019","5","SIN","   ","   ","MI","TR","  ","  ","18.26","249.76","4561","240.06","4383"
"BEHIND","SIN","JED","SV","SUB","SURABAYA","JED","JEDDAH","Discount Coach","2019","5","SIN","   ","   ","CI","SV","  ","  ","15.02","481.19","7228","405.1","6085"
"BEHIND","SIN","JED","TR","CTU","CHENGDU","JED","JEDDAH","Discount Coach","2019","5","SIN","   ","   ","MI","TR","  ","  ","11.85","491.65","5826","341.03","4041"
"BEHIND","SIN","JED","TR","PNH","PHNOM PENH","JED","JEDDAH","Discount Coach","2019","5","SIN","   ","   ","MI","TR","  ","  ","10.98","429.47","4716","371.83","4083"
"BEHIND","SIN","JED","TR","MNL","MANILA","JED","JEDDAH","Discount Coach","2019","5","SIN","   ","   ","SQ","TR","  ","  ","9.77","260.74","2547","197.37","1928"
"BEHIND","SIN","JED","SV","SUB","SURABAYA","JED","JEDDAH","Discount Coach","2019","5","SIN","   ","   ","GA","SV","  ","  ","9.34","502.05","4689","423.18","3953"
"BEHIND","SIN","JED","TR","HKG","HONG KONG","JED","JEDDAH","Discount Coach","2019","5","SIN","   ","   ","SQ","TR","  ","  ","8.59","286.08","2457","212.12","1822"
"BEHIND","SIN","JED","SV","BWN","BANDAR SERI BEGAWAN","JED","JEDDAH","Business","2019","5","SIN","   ","   ","BI","SV","  ","  ","8.46","1255.7","10623","1069.15","9045"
"BEHIND","SIN","JED","SV","SUB","SURABAYA","JED","JEDDAH","Business","2019","5","SIN","   ","   ","CI","SV","  ","  ","7.51","983.9","7389","828.28","6220"
"BEHIND","SIN","JED","SV","SUB","SURABAYA","JED","JEDDAH","Business","2019","5","CGK","SIN","   ","GA","GA","SV","  ","7.24","983.88","7123","810.07","5865"
"BEHIND","SIN","JED","TR","PEK","BEIJING","JED","JEDDAH","Discount Coach","2019","5","SIN","   ","   ","SQ","TR","  ","  ","6.88","361.03","2484","224.33","1543"
"BEHIND","SIN","JED","TR","KUL","KUALA LUMPUR","JED","JEDDAH","Discount Coach","2019","5","SIN","   ","   ","TR","TR","  ","  ","6.6","142.9","943","137.66","909"
"BEHIND","SIN","JED","TR","KUL","KUALA LUMPUR","JED","JEDDAH","Discount Coach","2019","5","SIN","   ","   ","MH","TR","  ","  ","5.92","249.63","1478","240.06","1421"
"BEHIND","SIN","JED","SV","BWN","BANDAR SERI BEGAWAN","JED","JEDDAH","Business","2019","5","SIN","   ","   ","SQ","SV","  ","  ","5.32","1254.11","6672","1069.15","5688"
"BEHIND","SIN","JED","SV","BWN","BANDAR SERI BEGAWAN","JED","JEDDAH","Discount Coach","2019","5","SIN","   ","   ","SQ","SV","  ","  ","5.32","477.38","2540","406.98","2165"
"BEHIND","SIN","JED","SV","RGN","YANGON","JED","JEDDAH","Discount Coach","2019","5","SIN","   ","   ","SQ","SV","  ","  ","5.22","2105.06","10988","1668.17","8708"
"BEHIND","SIN","JED","SV","CGK","JAKARTA","JED","JEDDAH","Business","2019","5","SIN","   ","   ","GA","SV","  ","  ","5.12","951.12","4870","848.97","4347"
"BEHIND","SIN","JED","TR","SYD","SYDNEY","JED","JEDDAH","Discount Coach","2019","5","SIN","   ","   ","SQ","TR","  ","  ","5.04","513.29","2587","277.61","1399"
"BEHIND","SIN","JED","TR","BNE","BRISBANE","JED","JEDDAH","Discount Coach","2019","5","SIN","   ","   ","SQ","TR","  ","  ","4.52","623.91","2820","339.75","1536"
"BEHIND","SIN","JED","TR","PEK","BEIJING","JED","JEDDAH","Discount Coach","2019","5","SIN","   ","   ","CA","TR","  ","  ","4.02","371.16","1492","230.43","926"
"BEHIND","SIN","JED","TR","TPE","TAIPEI","JED","JEDDAH","Discount Coach","2019","5","SIN","   ","   ","SQ","TR","  ","  ","3.68","420.87","1549","292.68","1077"
"BEHIND","SIN","JED","TR","PEN","PENANG","JED","JEDDAH","Discount Coach","2019","5","SIN","   ","   ","MI","TR","  ","  ","3.54","291.81","1033","269.54","954"
"BEHIND","SIN","JED","TR","DAC","DHAKA","JED","JEDDAH","Discount Coach","2019","5","SIN","   ","   ","SQ","TR","  ","  ","2.63","223.19","587","159.89","421"
"BEHIND","SIN","JED","TR","DPS","DENPASAR BALI","JED","JEDDAH","Discount Coach","2019","5","SIN","   ","   ","TR","TR","  ","  ","2.61","475.22","1240","386.68","1009"
"BEHIND","SIN","JED","SV","ADL","ADELAIDE","JED","JEDDAH","Discount Coach","2019","5","SIN","   ","   ","SQ","SV","  ","  ","2.46","487","1198","281.07","691"
"BEHIND","SIN","JED","TR","CTU","CHENGDU","JED","JEDDAH","Business","2019","5","SIN","   ","   ","MI","TR","  ","  ","2.37","484.93","1149","336.37","797"
"BEHIND","SIN","JED","TR","CKG","CHONGQING","JED","JEDDAH","Discount Coach","2019","5","SIN","   ","   ","MI","TR","  ","  ","2.14","428.97","918","300.63","643"
"BEHIND","SIN","JED","TR","HGH","HANGZHOU","JED","JEDDAH","Discount Coach","2019","5","SIN","   ","   ","TR","TR","  ","  ","2.03","1868.99","3794","1249.24","2536"
"BEHIND","SIN","JED","TR","SYD","SYDNEY","JED","JEDDAH","Discount Coach","2019","5","SIN","   ","   ","TR","TR","  ","  ","2.02","1360.12","2747","734.33","1483"
"BEHIND","SIN","JED","TR","CAN","GUANGZHOU","JED","JEDDAH","Business","2019","5","SIN","   ","   ","TR","TR","  ","  ","1.88","835.24","1570","614.01","1154"
"BEHIND","SIN","JED","TR","PVG","SHANGHAI","JED","JEDDAH","Business","2019","5","SIN","   ","   ","SQ","TR","  ","  ","1.74","1401.43","2438","923.83","1607"
"BEHIND","SIN","JED","TR","PVG","SHANGHAI","JED","JEDDAH","Discount Coach","2019","5","SIN","   ","   ","SQ","TR","  ","  ","1.74","454.86","791","299.85","522"
"BEHIND","SIN","JED","TR","ZAM","ZAMBOANGA","JED","JEDDAH","Discount Coach","2019","5","MNL","SIN","   ","2P","TR","TR","  ","1.57","187.58","295","130.28","205"
"BEHIND","SIN","JED","TR","ICN","SEOUL","JED","JEDDAH","Discount Coach","2019","5","SIN","   ","   ","SQ","TR","  ","  ","1.55","453.95","704","278.75","432"
"BEHIND","SIN","JED","SV","ITM","OSAKA","JED","JEDDAH","Business","2019","5","NRT","SIN","   ","EH","NQ","SV","  ","1.47","2802.28","4119","1564.18","2299"
"BEHIND","SIN","JED","TR","PER","PERTH","JED","JEDDAH","Discount Coach","2019","5","SIN","   ","   ","SQ","TR","  ","  ","1.47","559.25","822","365.09","537"
"BEHIND","SIN","JED","TR","PEK","BEIJING","JED","JEDDAH","Business","2019","5","SIN","   ","   ","CA","TR","  ","  ","1.34","1735.46","2326","1077.41","1444"
"BEHIND","SIN","JED","TR","AKL","AUCKLAND","JED","JEDDAH","Discount Coach","2019","5","SIN","   ","   ","SQ","TR","  ","  ","1.33","486.17","647","227.61","303"
"BEHIND","SIN","JED","SV","CBR","CANBERRA","JED","JEDDAH","Discount Coach","2019","5","SIN","   ","   ","SQ","SV","  ","  ","0.94","3442.11","3236","1864.65","1753"
"LOCAL","SIN","JED","TR","SIN","SINGAPORE","JED","JEDDAH","Discount Coach","2019","6","   ","   ","   ","TR","  ","  ","  ","1743.24","263.9","460042","263.89","460028"
"LOCAL","SIN","JED","SV","SIN","SINGAPORE","JED","JEDDAH","Discount Coach","2019","6","   ","   ","   ","SV","  ","  ","  ","405.69","349.4","141749","349.35","141729"
"BEHIND","SIN","JED","TR","SUB","SURABAYA","JED","JEDDAH","Discount Coach","2019","6","SIN","   ","   ","TR","TR","  ","  ","225.97","357.99","80895","301.6","68153"
"BEHIND","SIN","JED","SV","KUL","KUALA LUMPUR","JED","JEDDAH","Discount Coach","2019","6","SIN","   ","   ","SV","SV","  ","  ","202.87","347.13","70422","333.68","67693"
"LOCAL","SIN","JED","SV","SIN","SINGAPORE","JED","JEDDAH","Business","2019","6","   ","   ","   ","SV","  ","  ","  ","96.01","878.05","84301","877.82","84280"
"BEHIND","SIN","JED","TR","CGK","JAKARTA","JED","JEDDAH","Discount Coach","2019","6","SIN","   ","   ","TR","TR","  ","  ","77.55","304.79","23637","272.02","21095"
"BEHIND","SIN","JED","TR","PVG","SHANGHAI","JED","JEDDAH","Discount Coach","2019","6","SIN","   ","   ","SQ","TR","  ","  ","63.02","409.3","25794","269.8","17003"
"BEHIND","SIN","JED","TR","MNL","MANILA","JED","JEDDAH","Discount Coach","2019","6","SIN","   ","   ","TR","TR","  ","  ","61.33","309.41","18976","234.15","14360"
"BEHIND","SIN","JED","TR","DPS","DENPASAR BALI","JED","JEDDAH","Discount Coach","2019","6","SIN","   ","   ","TR","TR","  ","  ","39.41","413.76","16306","337.17","13288"
"BEHIND","SIN","JED","SV","KUL","KUALA LUMPUR","JED","JEDDAH","Business","2019","6","SIN","   ","   ","SV","SV","  ","  ","26.26","802.89","21084","771.95","20272"
"BEHIND","SIN","JED","TR","KUL","KUALA LUMPUR","JED","JEDDAH","Discount Coach","2019","6","SIN","   ","   ","TR","TR","  ","  ","13.26","245.05","3249","235.94","3129"
"BEHIND","SIN","JED","TR","MEL","MELBOURNE","JED","JEDDAH","Discount Coach","2019","6","SIN","   ","   ","TR","TR","  ","  ","11.99","621.93","7457","341.41","4093"
"BEHIND","SIN","JED","SV","SUB","SURABAYA","JED","JEDDAH","Discount Coach","2019","6","SIN","   ","   ","TR","SV","  ","  ","10.51","665.52","6995","560.68","5893"
"BEHIND","SIN","JED","TR","BKK","BANGKOK","JED","JEDDAH","Discount Coach","2019","6","SIN","   ","   ","TR","TR","  ","  ","9.27","74.02","686","62.06","575"
"BEHIND","SIN","JED","SV","CGK","JAKARTA","JED","JEDDAH","Discount Coach","2019","6","SIN","   ","   ","GA","SV","  ","  ","8.43","353.04","2976","315.32","2658"
"BEHIND","SIN","JED","SV","NRT","TOKYO","JED","JEDDAH","Business","2019","6","SIN","   ","   ","NH","SV","  ","  ","6.92","1966.19","13606","1138.24","7877"
"BEHIND","SIN","JED","SV","PVG","SHANGHAI","JED","JEDDAH","Business","2019","6","SIN","   ","   ","SQ","SV","  ","  ","5.42","1195.96","6482","788.04","4271"
"BEHIND","SIN","JED","TR","PVG","SHANGHAI","JED","JEDDAH","Business","2019","6","SIN","   ","   ","SQ","TR","  ","  ","5.4","894.99","4833","589.76","3185"
"BEHIND","SIN","JED","TR","BWN","BANDAR SERI BEGAWAN","JED","JEDDAH","Discount Coach","2019","6","SIN","   ","   ","SQ","TR","  ","  ","2.73","1852.81","5058","1580.97","4316"
"BEHIND","SIN","JED","TR","DPS","DENPASAR BALI","JED","JEDDAH","Discount Coach","2019","6","SIN","   ","   ","SQ","TR","  ","  ","2.73","391.81","1070","319.73","873"
"BEHIND","SIN","JED","SV","PEK","BEIJING","JED","JEDDAH","Discount Coach","2019","6","SIN","   ","   ","SQ","SV","  ","  ","2.71","409.66","1110","254.15","689"
"BEHIND","SIN","JED","SV","PER","PERTH","JED","JEDDAH","Business","2019","6","SIN","   ","   ","SQ","SV","  ","  ","2.5","2547.02","6368","1662.94","4157"
"BEHIND","SIN","JED","SV","PVG","SHANGHAI","JED","JEDDAH","Discount Coach","2019","6","KUL","SIN","   ","MH","SV","SV","  ","2.4","482.4","1158","310.54","745"
"BEHIND","SIN","JED","SV","MNL","MANILA","JED","JEDDAH","Discount Coach","2019","6","KUL","SIN","   ","MH","SV","SV","  ","2.39","363.18","868","263.77","630"
"BEHIND","SIN","JED","TR","CTU","CHENGDU","JED","JEDDAH","Business","2019","6","SIN","   ","   ","MI","TR","  ","  ","2.38","348.05","828","241.21","574"
"BEHIND","SIN","JED","SV","PER","PERTH","JED","JEDDAH","Discount Coach","2019","6","KUL","SIN","   ","MH","SV","SV","  ","2.36","849.06","2004","530.37","1252"
"BEHIND","SIN","JED","TR","SUB","SURABAYA","JED","JEDDAH","Discount Coach","2019","6","SIN","   ","   ","MI","TR","  ","  ","2.35","364.49","857","306.47","720"
"BEHIND","SIN","JED","TR","SUB","SURABAYA","JED","JEDDAH","Discount Coach","2019","6","SIN","   ","   ","SQ","TR","  ","  ","2.34","354.37","829","298.23","698"
"BEHIND","SIN","JED","TR","CTU","CHENGDU","JED","JEDDAH","Discount Coach","2019","6","SIN","   ","   ","CA","TR","  ","  ","2.3","347.87","800","241.21","555"
"BEHIND","SIN","JED","SV","JHB","JOHOR BAHRU","JED","JEDDAH","Discount Coach","2019","6","KUL","SIN","   ","MH","SV","SV","  ","2.27","641.44","1456","598.16","1358"
"BEHIND","SIN","JED","TR","HKT","PHUKET","JED","JEDDAH","Discount Coach","2019","6","SIN","   ","   ","TR","TR","  ","  ","1.97","339.64","669","300.54","592"
"BEHIND","SIN","JED","TR","TPE","TAIPEI","JED","JEDDAH","Discount Coach","2019","6","SIN","   ","   ","TR","TR","  ","  ","1.77","306.85","543","213.09","377"
"BEHIND","SIN","JED","TR","PNH","PHNOM PENH","JED","JEDDAH","Discount Coach","2019","6","SIN","   ","   ","MI","TR","  ","  ","1.34","312.33","419","270.31","362"
"BEHIND","SIN","JED","TR","PER","PERTH","JED","JEDDAH","Discount Coach","2019","6","SIN","   ","   ","SQ","TR","  ","  ","1.33","496.09","660","323.24","430"
"LOCAL","SIN","JED","TR","SIN","SINGAPORE","JED","JEDDAH","Discount Coach","2019","7","   ","   ","   ","TR","  ","  ","  ","1515.12","243.2","368485","243.2","368481"
"BEHIND","SIN","JED","SV","KUL","KUALA LUMPUR","JED","JEDDAH","Discount Coach","2019","7","SIN","   ","   ","SV","SV","  ","  ","1021.33","346.9","354299","333.48","340592"
"LOCAL","SIN","JED","SV","SIN","SINGAPORE","JED","JEDDAH","Discount Coach","2019","7","   ","   ","   ","SV","  ","  ","  ","733.36","300.52","220390","300.49","220367"
"LOCAL","SIN","JED","SV","SIN","SINGAPORE","JED","JEDDAH","Business","2019","7","   ","   ","   ","SV","  ","  ","  ","125.57","844.34","106024","844.24","106011"
"BEHIND","SIN","JED","TR","SUB","SURABAYA","JED","JEDDAH","Discount Coach","2019","7","SIN","   ","   ","TR","TR","  ","  ","123.56","431.76","53348","363.93","44967"
"BEHIND","SIN","JED","TR","SUB","SURABAYA","JED","JEDDAH","Discount Coach","2019","7","SIN","   ","   ","SQ","TR","  ","  ","82.97","479.3","39767","403.73","33498"
"BEHIND","SIN","JED","TR","KUL","KUALA LUMPUR","JED","JEDDAH","Discount Coach","2019","7","SIN","   ","   ","MI","TR","  ","  ","81.6","360.29","29400","346.42","28268"
"BEHIND","SIN","JED","TR","CGK","JAKARTA","JED","JEDDAH","Discount Coach","2019","7","SIN","   ","   ","TR","TR","  ","  ","81.13","241.54","19596","215.58","17490"
"BEHIND","SIN","JED","TR","MNL","MANILA","JED","JEDDAH","Discount Coach","2019","7","SIN","   ","   ","TR","TR","  ","  ","44.64","259.64","11590","196.41","8768"
"BEHIND","SIN","JED","SV","KUL","KUALA LUMPUR","JED","JEDDAH","Business","2019","7","SIN","   ","   ","SV","SV","  ","  ","39.95","924.59","36937","888.73","35505"
"BEHIND","SIN","JED","TR","PVG","SHANGHAI","JED","JEDDAH","Discount Coach","2019","7","SIN","   ","   ","SQ","TR","  ","  ","34.71","296.19","10281","195.29","6779"
"BEHIND","SIN","JED","TR","DPS","DENPASAR BALI","JED","JEDDAH","Discount Coach","2019","7","SIN","   ","   ","TR","TR","  ","  ","23.65","136.96","3239","111.64","2640"
"BEHIND","SIN","JED","TR","KUL","KUALA LUMPUR","JED","JEDDAH","Discount Coach","2019","7","SIN","   ","   ","TR","TR","  ","  ","22.06","227.96","5029","219.08","4833"
"BEHIND","SIN","JED","SV","CGK","JAKARTA","JED","JEDDAH","Discount Coach","2019","7","SIN","   ","   ","GA","SV","  ","  ","17.25","494","8522","441.25","7612"
"BEHIND","SIN","JED","SV","SUB","SURABAYA","JED","JEDDAH","Discount Coach","2019","7","SIN","   ","   ","TR","SV","  ","  ","13.14","357.25","4694","301.02","3955"
"BEHIND","SIN","JED","SV","SUB","SURABAYA","JED","JEDDAH","Discount Coach","2019","7","SIN","   ","   ","GA","SV","  ","  ","5.32","357.27","1901","301.02","1601"
"BEHIND","SIN","JED","TR","SGN","HO CHI MINH CITY","JED","JEDDAH","Discount Coach","2019","7","SIN","   ","   ","TR","TR","  ","  ","5.26","286.23","1506","249.5","1312"
"BEHIND","SIN","JED","TR","HKG","HONG KONG","JED","JEDDAH","Discount Coach","2019","7","SIN","   ","   ","SQ","TR","  ","  ","5.14","499.54","2568","370.39","1904"
"BEHIND","SIN","JED","TR","BNE","BRISBANE","JED","JEDDAH","Discount Coach","2019","7","SIN","   ","   ","SQ","TR","  ","  ","4.88","598.39","2920","326","1591"
"BEHIND","SIN","JED","TR","MNL","MANILA","JED","JEDDAH","Discount Coach","2019","7","SIN","   ","   ","SQ","TR","  ","  ","4.87","328.45","1600","248.54","1210"
"BEHIND","SIN","JED","TR","ICN","SEOUL","JED","JEDDAH","Discount Coach","2019","7","SIN","   ","   ","SQ","TR","  ","  ","4.54","454.32","2063","278.75","1266"
"BEHIND","SIN","JED","TR","KUL","KUALA LUMPUR","JED","JEDDAH","Discount Coach","2019","7","SIN","   ","   ","SQ","TR","  ","  ","4.08","364.61","1488","350.57","1430"
"BEHIND","SIN","JED","TR","HKT","PHUKET","JED","JEDDAH","Discount Coach","2019","7","SIN","   ","   ","TR","TR","  ","  ","3.94","117.7","464","104.15","410"
"BEHIND","SIN","JED","TR","PVG","SHANGHAI","JED","JEDDAH","Business","2019","7","SIN","   ","   ","SQ","TR","  ","  ","3.48","1361.21","4737","899.78","3131"
"BEHIND","SIN","JED","SV","PEK","BEIJING","JED","JEDDAH","Business","2019","7","SIN","   ","   ","SQ","SV","  ","  ","2.58","1811.54","4674","1123.43","2898"
"BEHIND","SIN","JED","SV","PVG","SHANGHAI","JED","JEDDAH","Business","2019","7","SIN","   ","   ","SQ","SV","  ","  ","2.58","1463.85","3777","964.19","2488"
"BEHIND","SIN","JED","SV","PVG","SHANGHAI","JED","JEDDAH","Discount Coach","2019","7","SIN","   ","   ","SQ","SV","  ","  ","2.58","563.59","1454","371.21","958"
"BEHIND","SIN","JED","SV","HKG","HONG KONG","JED","JEDDAH","Business","2019","7","SIN","   ","   ","SQ","SV","  ","  ","2.57","678.36","1743","502.27","1291"
"BEHIND","SIN","JED","SV","PNH","PHNOM PENH","JED","JEDDAH","Discount Coach","2019","7","KUL","SIN","   ","MH","SV","SV","  ","2.46","1535.5","3777","1297.32","3191"
"BEHIND","SIN","JED","SV","TPE","TAIPEI","JED","JEDDAH","Business","2019","7","SIN","   ","   ","BR","SV","  ","  ","2.44","4879.18","11905","3399.81","8296"
"BEHIND","SIN","JED","SV","TPE","TAIPEI","JED","JEDDAH","Discount Coach","2019","7","SIN","   ","   ","BR","SV","  ","  ","2.44","494.91","1208","344.85","841"
"BEHIND","SIN","JED","SV","PEK","BEIJING","JED","JEDDAH","Discount Coach","2019","7","CAN","SIN","   ","CZ","CZ","SV","  ","2.41","1114.8","2687","690.59","1664"
"BEHIND","SIN","JED","SV","XMN","XIAMEN","JED","JEDDAH","Discount Coach","2019","7","SIN","   ","   ","MF","SV","  ","  ","2.27","346.35","786","246.43","559"
"BEHIND","SIN","JED","SV","PER","PERTH","JED","JEDDAH","Business","2019","7","KUL","SIN","   ","MH","SV","SV","  ","2.17","3377.16","7328","2104.43","4567"
"BEHIND","SIN","JED","TR","CTU","CHENGDU","JED","JEDDAH","Discount Coach","2019","7","SIN","   ","   ","MI","TR","  ","  ","2.14","388.76","832","269.1","576"
"BEHIND","SIN","JED","TR","CAN","GUANGZHOU","JED","JEDDAH","Discount Coach","2019","7","SIN","   ","   ","TR","TR","  ","  ","1.89","948.33","1792","697.29","1318"
"BEHIND","SIN","JED","TR","RGN","YANGON","JED","JEDDAH","Discount Coach","2019","7","SIN","   ","   ","SQ","TR","  ","  ","1.86","302.22","562","238.79","444"
"LOCAL","SIN","JED","SQ","SIN","SINGAPORE","JED","JEDDAH","Discount Coach","2019","7","   ","   ","   ","SQ","  ","  ","  ","1.74","265.41","462","265.98","463"
"BEHIND","SIN","JED","TR","DVO","DAVAO","JED","JEDDAH","Discount Coach","2019","7","MNL","SIN","   ","2P","TR","TR","  ","1.58","182.06","288","125.21","198"
"BEHIND","SIN","JED","TR","CGK","JAKARTA","JED","JEDDAH","Discount Coach","2019","7","SIN","   ","   ","SQ","TR","  ","  ","1.19","294.88","351","264.02","314"
"LOCAL","SIN","JED","TR","SIN","SINGAPORE","JED","JEDDAH","Discount Coach","2019","8","   ","   ","   ","TR","  ","  ","  ","1928.87","304.46","587273","304.47","587274"
"BEHIND","SIN","JED","SV","KUL","KUALA LUMPUR","JED","JEDDAH","Discount Coach","2019","8","SIN","   ","   ","SV","SV","  ","  ","809.38","369.56","299117","355.31","287580"
"BEHIND","SIN","JED","TR","SUB","SURABAYA","JED","JEDDAH","Discount Coach","2019","8","SIN","   ","   ","TR","TR","  ","  ","344.6","354.65","122214","298.86","102989"
"BEHIND","SIN","JED","TR","MNL","MANILA","JED","JEDDAH","Discount Coach","2019","8","SIN","   ","   ","TR","TR","  ","  ","242.76","404.21","98127","305.76","74227"
"LOCAL","SIN","JED","SV","SIN","SINGAPORE","JED","JEDDAH","Discount Coach","2019","8","   ","   ","   ","SV","  ","  ","  ","228.55","353.51","80794","353.37","80763"
"BEHIND","SIN","JED","TR","CGK","JAKARTA","JED","JEDDAH","Discount Coach","2019","8","SIN","   ","   ","TR","TR","  ","  ","185.33","354.85","65764","317.06","58761"
"BEHIND","SIN","JED","TR","KUL","KUALA LUMPUR","JED","JEDDAH","Discount Coach","2019","8","SIN","   ","   ","MI","TR","  ","  ","156.16","290.67","45391","279.51","43648"
"LOCAL","SIN","JED","SV","SIN","SINGAPORE","JED","JEDDAH","Business","2019","8","   ","   ","   ","SV","  ","  ","  ","72.82","845.97","61604","845.52","61571"
"BEHIND","SIN","JED","TR","KUL","KUALA LUMPUR","JED","JEDDAH","Discount Coach","2019","8","SIN","   ","   ","TR","TR","  ","  ","42.41","56.02","2376","53.83","2283"
"BEHIND","SIN","JED","SV","KUL","KUALA LUMPUR","JED","JEDDAH","Business","2019","8","SIN","   ","   ","SV","SV","  ","  ","32.49","884.46","28736","850.7","27639"
"BEHIND","SIN","JED","TR","SUB","SURABAYA","JED","JEDDAH","Discount Coach","2019","8","SIN","   ","   ","SQ","TR","  ","  ","32.11","374.14","12014","315.33","10125"
"BEHIND","SIN","JED","TR","DPS","DENPASAR BALI","JED","JEDDAH","Discount Coach","2019","8","SIN","   ","   ","TR","TR","  ","  ","27.16","419.7","11399","342.15","9293"
"BEHIND","SIN","JED","SV","SYD","SYDNEY","JED","JEDDAH","Discount Coach","2019","8","KUL","SIN","   ","MH","SV","SV","  ","26.4","613.02","16184","316.88","8366"
"BEHIND","SIN","JED","TR","MNL","MANILA","JED","JEDDAH","Discount Coach","2019","8","SIN","   ","   ","SQ","TR","  ","  ","19.74","300.85","5939","227.82","4497"
"BEHIND","SIN","JED","TR","HKT","PHUKET","JED","JEDDAH","Discount Coach","2019","8","SIN","   ","   ","TR","TR","  ","  ","16.97","100.99","1714","89.15","1513"
"BEHIND","SIN","JED","TR","CGK","JAKARTA","JED","JEDDAH","Discount Coach","2019","8","SIN","   ","   ","SQ","TR","  ","  ","15.49","282.91","4382","251.96","3903"
"BEHIND","SIN","JED","TR","BKK","BANGKOK","JED","JEDDAH","Discount Coach","2019","8","SIN","   ","   ","TR","TR","  ","  ","11.87","320.04","3799","268.21","3184"
"BEHIND","SIN","JED","TR","ICN","SEOUL","JED","JEDDAH","Discount Coach","2019","8","SIN","   ","   ","SQ","TR","  ","  ","10.11","334.91","3386","205.55","2078"
"BEHIND","SIN","JED","TR","PVG","SHANGHAI","JED","JEDDAH","Discount Coach","2019","8","SIN","   ","   ","SQ","TR","  ","  ","8.11","422.65","3428","278.61","2260"
"BEHIND","SIN","JED","TR","SGN","HO CHI MINH CITY","JED","JEDDAH","Discount Coach","2019","8","SIN","   ","   ","TR","TR","  ","  ","6.79","286.94","1948","249.89","1697"
"BEHIND","SIN","JED","TR","PEN","PENANG","JED","JEDDAH","Discount Coach","2019","8","SIN","   ","   ","MI","TR","  ","  ","6.66","1050.92","6999","971.95","6473"
"BEHIND","SIN","JED","TR","SYD","SYDNEY","JED","JEDDAH","Discount Coach","2019","8","SIN","   ","   ","SQ","TR","  ","  ","5.69","596.91","3396","321.54","1830"
"BEHIND","SIN","JED","TR","KUL","KUALA LUMPUR","JED","JEDDAH","Discount Coach","2019","8","SIN","   ","   ","SQ","TR","  ","  ","5.1","292.57","1492","281.77","1437"
"BEHIND","SIN","JED","TR","SRG","SEMARANG","JED","JEDDAH","Discount Coach","2019","8","CGK","SIN","   ","GA","TR","TR","  ","5.09","276.19","1406","234.56","1194"
"BEHIND","SIN","JED","TR","PER","PERTH","JED","JEDDAH","Discount Coach","2019","8","SIN","   ","   ","SQ","TR","  ","  ","3.99","599.37","2392","392.17","1565"
"BEHIND","SIN","JED","TR","CTU","CHENGDU","JED","JEDDAH","Discount Coach","2019","8","SIN","   ","   ","MI","TR","  ","  ","3.4","371.44","1263","258.16","878"
"BEHIND","SIN","JED","TR","TPE","TAIPEI","JED","JEDDAH","Discount Coach","2019","8","SIN","   ","   ","TR","TR","  ","  ","3.31","438.72","1452","304.76","1009"
"BEHIND","SIN","JED","TR","PVG","SHANGHAI","JED","JEDDAH","Business","2019","8","SIN","   ","   ","SQ","TR","  ","  ","3.24","1408.21","4563","927.16","3004"
"BEHIND","SIN","JED","TR","SYD","SYDNEY","JED","JEDDAH","Discount Coach","2019","8","SIN","   ","   ","TR","TR","  ","  ","3.23","1162.44","3755","626.38","2023"
"BEHIND","SIN","JED","SV","MEL","MELBOURNE","JED","JEDDAH","Discount Coach","2019","8","KUL","SIN","   ","MH","SV","SV","  ","3.2","691.63","2213","364.03","1165"
"BEHIND","SIN","JED","TR","PUS","BUSAN","JED","JEDDAH","Discount Coach","2019","8","SIN","   ","   ","MI","TR","  ","  ","2.94","432.68","1272","267.39","786"
"BEHIND","SIN","JED","SV","SUB","SURABAYA","JED","JEDDAH","Discount Coach","2019","8","SIN","   ","   ","TR","SV","  ","  ","2.63","670.65","1764","565.54","1487"
"BEHIND","SIN","JED","SV","BKK","BANGKOK","JED","JEDDAH","Business","2019","8","SIN","   ","   ","CX","SV","  ","  ","2.6","1079.54","2807","905.18","2353"
"BEHIND","SIN","JED","SV","CHC","CHRISTCHURCH","JED","JEDDAH","Discount Coach","2019","8","SIN","   ","   ","SQ","SV","  ","  ","2.59","738.68","1913","345.27","894"
"BEHIND","SIN","JED","SV","PVG","SHANGHAI","JED","JEDDAH","Business","2019","8","SIN","   ","   ","SQ","SV","  ","  ","2.58","1634.81","4218","1076.93","2778"
"BEHIND","SIN","JED","SV","MNL","MANILA","JED","JEDDAH","Discount Coach","2019","8","SIN","   ","   ","TR","SV","  ","  ","2.57","395.76","1017","298.67","768"
"BEHIND","SIN","JED","SV","WLG","WELLINGTON","JED","JEDDAH","Discount Coach","2019","8","MEL","SIN","   ","SQ","SQ","SV","  ","2.54","3460.92","8791","1593.78","4048"
"BEHIND","SIN","JED","SV","PVG","SHANGHAI","JED","JEDDAH","Discount Coach","2019","8","KUL","SIN","   ","MH","SV","SV","  ","2.51","507.42","1274","326.46","819"
"BEHIND","SIN","JED","SV","JHB","JOHOR BAHRU","JED","JEDDAH","Discount Coach","2019","8","KUL","SIN","   ","OD","SV","SV","  ","2.44","343.57","838","320.21","781"
"BEHIND","SIN","JED","SV","TPE","TAIPEI","JED","JEDDAH","Discount Coach","2019","8","SIN","   ","   ","BR","SV","  ","  ","2.43","1778.84","4323","1237.93","3008"
"BEHIND","SIN","JED","SV","BNE","BRISBANE","JED","JEDDAH","Discount Coach","2019","8","SIN","   ","   ","SQ","SV","  ","  ","2.35","4530.39","10646","2466.6","5797"
"BEHIND","SIN","JED","TR","DVO","DAVAO","JED","JEDDAH","Discount Coach","2019","8","CEB","SIN","   ","MI","MI","TR","  ","1.78","727.29","1295","526.31","937"
"BEHIND","SIN","JED","TR","HKT","PHUKET","JED","JEDDAH","Discount Coach","2019","8","SIN","   ","   ","SQ","TR","  ","  ","1.7","456.32","776","403.52","686"
"BEHIND","SIN","JED","TR","PEN","PENANG","JED","JEDDAH","Discount Coach","2019","8","SIN","   ","   ","TR","TR","  ","  ","1.7","266.12","452","246.51","419"
"BEHIND","SIN","JED","TR","BPN","BALIKPAPAN","JED","JEDDAH","Discount Coach","2019","8","CGK","SIN","   ","GA","TR","TR","  ","1.7","336.01","571","260.78","443"
"BEHIND","SIN","JED","TR","BKK","BANGKOK","JED","JEDDAH","Discount Coach","2019","8","SIN","   ","   ","SQ","TR","  ","  ","1.62","192.61","312","161.9","262"
"BEHIND","SIN","JED","TR","UPG","UJUNG PANDANG","JED","JEDDAH","Discount Coach","2019","8","SIN","   ","   ","MI","TR","  ","  ","1.58","552.16","872","440.08","695"
"BEHIND","SIN","JED","TR","CEB","CEBU","JED","JEDDAH","Discount Coach","2019","8","SIN","   ","   ","MI","TR","  ","  ","1.56","278.21","434","209.55","327"
"BEHIND","SIN","JED","TR","COK","KOCHI","JED","JEDDAH","Discount Coach","2019","8","SIN","   ","   ","TR","TR","  ","  ","1.55","91.47","142","63.65","99"
"BEHIND","SIN","JED","TR","LOP","PRAYA","JED","JEDDAH","Discount Coach","2019","8","SIN","   ","   ","MI","TR","  ","  ","1.52","773.66","1176","623.54","948"
"BEHIND","SIN","JED","TR","CBO","COTABATO","JED","JEDDAH","Discount Coach","2019","8","MNL","SIN","   ","2P","TR","TR","  ","1.48","17.84","26","12.33","18"
"BEHIND","SIN","JED","TR","PNH","PHNOM PENH","JED","JEDDAH","Discount Coach","2019","8","SIN","   ","   ","MI","TR","  ","  ","1.29","537.17","693","465.26","600"
"BEHIND","SIN","JED","TR","CRK","LUZON IS","JED","JEDDAH","Discount Coach","2019","8","SIN","   ","   ","TR","TR","  ","  ","1.16","311.41","361","234.34","272"
"LOCAL","SIN","JED","TR","SIN","SINGAPORE","JED","JEDDAH","Discount Coach","2019","9","   ","   ","   ","TR","  ","  ","  ","2191.09","288.26","631599","288.26","631597"
"BEHIND","SIN","JED","SV","KUL","KUALA LUMPUR","JED","JEDDAH","Discount Coach","2019","9","SIN","   ","   ","SV","SV","  ","  ","301.3","344.14","103688","330.9","99699"
"LOCAL","SIN","JED","SV","SIN","SINGAPORE","JED","JEDDAH","Discount Coach","2019","9","   ","   ","   ","SV","  ","  ","  ","261.38","378.96","99053","378.85","99024"
"BEHIND","SIN","JED","TR","SUB","SURABAYA","JED","JEDDAH","Discount Coach","2019","9","SIN","   ","   ","TR","TR","  ","  ","215.22","330.97","71230","278.49","59937"
"BEHIND","SIN","JED","TR","MNL","MANILA","JED","JEDDAH","Discount Coach","2019","9","SIN","   ","   ","TR","TR","  ","  ","187.74","370.82","69618","280.26","52617"
"LOCAL","SIN","JED","SV","SIN","SINGAPORE","JED","JEDDAH","Business","2019","9","   ","   ","   ","SV","  ","  ","  ","75.71","930.9","70479","930.27","70431"
"BEHIND","SIN","JED","TR","CGK","JAKARTA","JED","JEDDAH","Discount Coach","2019","9","SIN","   ","   ","TR","TR","  ","  ","66.55","288.24","19182","257.86","17161"
"BEHIND","SIN","JED","TR","PVG","SHANGHAI","JED","JEDDAH","Discount Coach","2019","9","SIN","   ","   ","SQ","TR","  ","  ","44.04","338.74","14918","223.26","9832"
"BEHIND","SIN","JED","SV","KUL","KUALA LUMPUR","JED","JEDDAH","Business","2019","9","SIN","   ","   ","SV","SV","  ","  ","41.31","841.12","34747","808.82","33413"
"BEHIND","SIN","JED","TR","DPS","DENPASAR BALI","JED","JEDDAH","Discount Coach","2019","9","SIN","   ","   ","TR","TR","  ","  ","28.2","381.69","10764","310.88","8767"
"BEHIND","SIN","JED","SV","KNO","MEDAN","JED","JEDDAH","Discount Coach","2019","9","KUL","SIN","   ","MH","SV","SV","  ","24.44","818.4","20002","754.14","18431"
"BEHIND","SIN","JED","TR","SUB","SURABAYA","JED","JEDDAH","Discount Coach","2019","9","SIN","   ","   ","SQ","TR","  ","  ","19.2","395.58","7595","333.49","6403"
"BEHIND","SIN","JED","SV","CGK","JAKARTA","JED","JEDDAH","Discount Coach","2019","9","SIN","   ","   ","GA","SV","  ","  ","13.57","497.14","6746","443.9","6024"
"BEHIND","SIN","JED","TR","KUL","KUALA LUMPUR","JED","JEDDAH","Discount Coach","2019","9","SIN","   ","   ","TR","TR","  ","  ","8.62","231.39","1995","222.52","1918"
"BEHIND","SIN","JED","SV","SYD","SYDNEY","JED","JEDDAH","Discount Coach","2019","9","SIN","   ","   ","SQ","SV","  ","  ","7.01","644.27","4516","347.24","2434"
"BEHIND","SIN","JED","TR","BNE","BRISBANE","JED","JEDDAH","Discount Coach","2019","9","SIN","   ","   ","SQ","TR","  ","  ","6","687.67","4126","374.87","2249"
"BEHIND","SIN","JED","TR","KUL","KUALA LUMPUR","JED","JEDDAH","Discount Coach","2019","9","SIN","   ","   ","MI","TR","  ","  ","5.97","361.27","2157","347.08","2072"
"BEHIND","SIN","JED","SV","SUB","SURABAYA","JED","JEDDAH","Discount Coach","2019","9","SIN","   ","   ","GA","SV","  ","  ","4.97","566.25","2814","477.15","2371"
"BEHIND","SIN","JED","SV","PVG","SHANGHAI","JED","JEDDAH","Discount Coach","2019","9","KUL","SIN","   ","MH","SV","SV","  ","4.88","408.08","1991","262.42","1281"
"BEHIND","SIN","JED","SV","SYD","SYDNEY","JED","JEDDAH","Business","2019","9","SIN","   ","   ","SQ","SV","  ","  ","4.67","3455.22","16136","1860.95","8691"
"BEHIND","SIN","JED","TR","PVG","SHANGHAI","JED","JEDDAH","Business","2019","9","SIN","   ","   ","SQ","TR","  ","  ","3.38","1440.06","4867","946.99","3201"
"BEHIND","SIN","JED","TR","ZAM","ZAMBOANGA","JED","JEDDAH","Discount Coach","2019","9","MNL","SIN","   ","2P","TR","TR","  ","3.1","155.69","483","108.24","336"
"BEHIND","SIN","JED","SV","BWN","BANDAR SERI BEGAWAN","JED","JEDDAH","Business","2019","9","KUL","SIN","   ","BI","SV","SV","  ","2.97","4653.68","13821","3744.73","11122"
"BEHIND","SIN","JED","SV","BWN","BANDAR SERI BEGAWAN","JED","JEDDAH","Discount Coach","2019","9","SIN","   ","   ","BI","SV","  ","  ","2.97","1005.51","2986","856.3","2543"
"BEHIND","SIN","JED","SV","CGK","JAKARTA","JED","JEDDAH","Business","2019","9","SIN","   ","   ","GA","SV","  ","  ","2.71","859.14","2328","766","2076"
"BEHIND","SIN","JED","SV","PVG","SHANGHAI","JED","JEDDAH","Discount Coach","2019","9","SIN","   ","   ","SQ","SV","  ","  ","2.58","289.3","746","190.47","491"
"BEHIND","SIN","JED","TR","UPG","UJUNG PANDANG","JED","JEDDAH","Discount Coach","2019","9","CGK","SIN","   ","GA","TR","TR","  ","2.56","282.96","724","214.86","550"
"BEHIND","SIN","JED","SV","MNL","MANILA","JED","JEDDAH","Discount Coach","2019","9","KUL","SIN","   ","MH","SV","SV","  ","2.43","445.91","1084","323.53","786"
"BEHIND","SIN","JED","SV","CGK","JAKARTA","JED","JEDDAH","Discount Coach","2019","9","KUL","SIN","   ","MH","SV","SV","  ","2.4","319.64","767","267.74","643"
"BEHIND","SIN","JED","TR","CTU","CHENGDU","JED","JEDDAH","Discount Coach","2019","9","SIN","   ","   ","MI","TR","  ","  ","2.33","394.8","920","274.37","639"
"BEHIND","SIN","JED","SV","KBR","KOTA BHARU","JED","JEDDAH","Discount Coach","2019","9","KUL","SIN","   ","MH","SV","SV","  ","2.2","388.87","856","356.21","784"
"BEHIND","SIN","JED","TR","CEB","CEBU","JED","JEDDAH","Discount Coach","2019","9","SIN","   ","   ","TR","TR","  ","  ","1.81","212.9","385","160.61","291"
"BEHIND","SIN","JED","TR","MEL","MELBOURNE","JED","JEDDAH","Discount Coach","2019","9","SIN","   ","   ","TR","TR","  ","  ","1.66","164.3","273","90.38","150"
"BEHIND","SIN","JED","TR","MNL","MANILA","JED","JEDDAH","Discount Coach","2019","9","SIN","   ","   ","SQ","TR","  ","  ","1.58","302.02","477","227.83","360"
"BEHIND","SIN","JED","TR","ICN","SEOUL","JED","JEDDAH","Discount Coach","2019","9","SIN","   ","   ","SQ","TR","  ","  ","1.51","515.89","779","316.97","479"
"BEHIND","SIN","JED","TR","GES","GENERAL SANTOS","JED","JEDDAH","Discount Coach","2019","9","MNL","SIN","   ","PR","TR","TR","  ","1.4","175.51","246","119.67","168"
"BEHIND","SIN","JED","TR","SYD","SYDNEY","JED","JEDDAH","Discount Coach","2019","9","SIN","   ","   ","SQ","TR","  ","  ","1.2","823.33","988","444.48","533"
"LOCAL","SIN","JED","TR","SIN","SINGAPORE","JED","JEDDAH","Discount Coach","2019","10","   ","   ","   ","TR","  ","  ","  ","4014.78","324.1","1301193","324.1","1301181"
"LOCAL","SIN","JED","SV","SIN","SINGAPORE","JED","JEDDAH","Discount Coach","2019","10","   ","   ","   ","SV","  ","  ","  ","1078.15","336.86","363186","336.84","363160"
"BEHIND","SIN","JED","SV","KUL","KUALA LUMPUR","JED","JEDDAH","Discount Coach","2019","10","SIN","   ","   ","SV","SV","  ","  ","376.81","277.37","104515","266.67","100482"
"LOCAL","SIN","JED","SV","SIN","SINGAPORE","JED","JEDDAH","Business","2019","10","   ","   ","   ","SV","  ","  ","  ","183.28","778.41","142667","778.36","142658"
"BEHIND","SIN","JED","TR","SUB","SURABAYA","JED","JEDDAH","Discount Coach","2019","10","SIN","   ","   ","TR","TR","  ","  ","120.95","374.39","45282","315.75","38190"
"BEHIND","SIN","JED","TR","KUL","KUALA LUMPUR","JED","JEDDAH","Discount Coach","2019","10","SIN","   ","   ","MI","TR","  ","  ","98.04","335.56","32899","322.56","31624"
"BEHIND","SIN","JED","SV","CGK","JAKARTA","JED","JEDDAH","Discount Coach","2019","10","SIN","   ","   ","GA","SV","  ","  ","29.32","287.45","8428","256.72","7527"
"BEHIND","SIN","JED","TR","CGK","JAKARTA","JED","JEDDAH","Discount Coach","2019","10","SIN","   ","   ","TR","TR","  ","  ","26.21","392.86","10297","350.99","9199"
"BEHIND","SIN","JED","TR","KUL","KUALA LUMPUR","JED","JEDDAH","Premium Coach","2019","10","SIN","   ","   ","MI","TR","  ","  ","23.44","625.46","14661","601.11","14090"
"BEHIND","SIN","JED","SV","KUL","KUALA LUMPUR","JED","JEDDAH","Business","2019","10","SIN","   ","   ","SV","SV","  ","  ","22.76","786.17","17893","755.81","17202"
"BEHIND","SIN","JED","TR","DPS","DENPASAR BALI","JED","JEDDAH","Discount Coach","2019","10","SIN","   ","   ","TR","TR","  ","  ","16.48","140.93","2323","114.9","1894"
"BEHIND","SIN","JED","TR","KUL","KUALA LUMPUR","JED","JEDDAH","Discount Coach","2019","10","SIN","   ","   ","SQ","TR","  ","  ","8.52","335.77","2861","322.56","2748"
"BEHIND","SIN","JED","TR","CKG","CHONGQING","JED","JEDDAH","Discount Coach","2019","10","SIN","   ","   ","MI","TR","  ","  ","6.73","932.64","6277","652.32","4390"
"BEHIND","SIN","JED","TR","SUB","SURABAYA","JED","JEDDAH","Discount Coach","2019","10","SIN","   ","   ","SQ","TR","  ","  ","4.98","353.17","1759","296.93","1479"
"BEHIND","SIN","JED","TR","PVG","SHANGHAI","JED","JEDDAH","Discount Coach","2019","10","SIN","   ","   ","SQ","TR","  ","  ","3.63","454.88","1651","300.12","1089"
"BEHIND","SIN","JED","SV","SUB","SURABAYA","JED","JEDDAH","Discount Coach","2019","10","SIN","   ","   ","TR","SV","  ","  ","2.75","782.5","2152","660.23","1816"
"BEHIND","SIN","JED","SV","KHH","KAOHSIUNG","JED","JEDDAH","Business","2019","10","HKG","SIN","   ","KA","CX","SV","  ","2.41","1275.39","3074","885.12","2133"
"BEHIND","SIN","JED","SV","ADL","ADELAIDE","JED","JEDDAH","Business","2019","10","SIN","   ","   ","SQ","SV","  ","  ","2.09","2762.09","5773","1594.75","3333"
"BEHIND","SIN","JED","TR","XMN","XIAMEN","JED","JEDDAH","Discount Coach","2019","10","SIN","   ","   ","MI","TR","  ","  ","2.04","321.74","656","228.56","466"
"BEHIND","SIN","JED","TR","FUK","FUKUOKA","JED","JEDDAH","Discount Coach","2019","10","SIN","   ","   ","SQ","TR","  ","  ","1.92","595.92","1144","369.3","709"
"BEHIND","SIN","JED","TR","MNL","MANILA","JED","JEDDAH","Discount Coach","2019","10","SIN","   ","   ","TR","TR","  ","  ","1.88","67.46","127","50.97","96"
"BEHIND","SIN","JED","TR","PVG","SHANGHAI","JED","JEDDAH","Premium Coach","2019","10","SIN","   ","   ","SQ","TR","  ","  ","1.81","382.2","692","251.47","455"
"BEHIND","SIN","JED","TR","AKL","AUCKLAND","JED","JEDDAH","Discount Coach","2019","10","SIN","   ","   ","SQ","TR","  ","  ","1.39","746.27","1037","347.88","484"
"BEHIND","SIN","JED","TR","SYD","SYDNEY","JED","JEDDAH","Discount Coach","2019","10","SIN","   ","   ","SQ","TR","  ","  ","1.35","656.28","886","353.71","478"
"BEHIND","SIN","JED","SV","KHH","KAOHSIUNG","JED","JEDDAH","Discount Coach","2019","10","HKG","SIN","   ","KA","CX","SV","  ","0.23","1285.87","296","885.12","204"
"BEHIND","SIN","JED","SV","ADL","ADELAIDE","JED","JEDDAH","Discount Coach","2019","10","SIN","   ","   ","SQ","SV","  ","  ","0.2","2777.25","555","1594.75","319"
"LOCAL","SIN","JED","TR","SIN","SINGAPORE","JED","JEDDAH","Discount Coach","2019","11","   ","   ","   ","TR","  ","  ","  ","5067.81","295.81","1499094","295.81","1499103"
"LOCAL","SIN","JED","SV","SIN","SINGAPORE","JED","JEDDAH","Discount Coach","2019","11","   ","   ","   ","SV","  ","  ","  ","1219.91","363.88","443899","363.84","443857"
"LOCAL","SIN","JED","SV","SIN","SINGAPORE","JED","JEDDAH","Business","2019","11","   ","   ","   ","SV","  ","  ","  ","336","781.14","262463","781.44","262564"
"BEHIND","SIN","JED","SV","CGK","JAKARTA","JED","JEDDAH","Discount Coach","2019","11","SIN","   ","   ","GA","SV","  ","  ","242.03","341.28","82600","304.77","73762"
"BEHIND","SIN","JED","TR","KUL","KUALA LUMPUR","JED","JEDDAH","Discount Coach","2019","11","SIN","   ","   ","MI","TR","  ","  ","154.69","339.79","52561","326.58","50519"
"BEHIND","SIN","JED","TR","CGK","JAKARTA","JED","JEDDAH","Discount Coach","2019","11","SIN","   ","   ","TR","TR","  ","  ","37.74","403.26","15219","360.76","13615"
"BEHIND","SIN","JED","TR","SUB","SURABAYA","JED","JEDDAH","Discount Coach","2019","11","SIN","   ","   ","TR","TR","  ","  ","31.69","374.02","11853","314.61","9970"
"BEHIND","SIN","JED","TR","PVG","SHANGHAI","JED","JEDDAH","Discount Coach","2019","11","SIN","   ","   ","SQ","TR","  ","  ","23.7","323.09","7657","213","5048"
"BEHIND","SIN","JED","TR","KUL","KUALA LUMPUR","JED","JEDDAH","Premium Coach","2019","11","SIN","   ","   ","MI","TR","  ","  ","17.43","677.54","11810","651.22","11351"
"BEHIND","SIN","JED","TR","CTU","CHENGDU","JED","JEDDAH","Discount Coach","2019","11","SIN","   ","   ","MI","TR","  ","  ","4.82","355.94","1716","246.97","1190"
"BEHIND","SIN","JED","TR","PUS","BUSAN","JED","JEDDAH","Discount Coach","2019","11","SIN","   ","   ","SQ","TR","  ","  ","4.15","705","2926","435.39","1807"
"BEHIND","SIN","JED","SV","BWN","BANDAR SERI BEGAWAN","JED","JEDDAH","Business","2019","11","SIN","   ","   ","BI","SV","  ","  ","2.42","1663.18","4025","1415.88","3426"
"BEHIND","SIN","JED","TR","CTU","CHENGDU","JED","JEDDAH","Premium Coach","2019","11","SIN","   ","   ","MI","TR","  ","  ","2.41","385.44","929","267.43","645"
"BEHIND","SIN","JED","SV","USM","KOH SAMUI","JED","JEDDAH","Discount Coach","2019","11","SIN","   ","   ","MI","SV","  ","  ","2.35","83.69","197","73.69","173"
"BEHIND","SIN","JED","SV","FUK","FUKUOKA","JED","JEDDAH","Discount Coach","2019","11","SIN","   ","   ","SQ","SV","  ","  ","2.21","696.45","1539","430.88","952"
"BEHIND","SIN","JED","TR","KUL","KUALA LUMPUR","JED","JEDDAH","Discount Coach","2019","11","SIN","   ","   ","SQ","TR","  ","  ","2.17","339.68","737","326.58","709"
"BEHIND","SIN","JED","SV","FUK","FUKUOKA","JED","JEDDAH","Business","2019","11","SIN","   ","   ","SQ","SV","  ","  ","2.16","2023.22","4370","1251.81","2704"
"BEHIND","SIN","JED","TR","SGN","HO CHI MINH CITY","JED","JEDDAH","Discount Coach","2019","11","SIN","   ","   ","TR","TR","  ","  ","2.14","407.17","871","354.22","758"
"BEHIND","SIN","JED","TR","KIX","OSAKA","JED","JEDDAH","Discount Coach","2019","11","SIN","   ","   ","SQ","TR","  ","  ","1.76","676.15","1190","406.5","715"
"BEHIND","SIN","JED","TR","PEN","PENANG","JED","JEDDAH","Discount Coach","2019","11","SIN","   ","   ","MI","TR","  ","  ","1.69","365.07","617","337.41","570"
"BEHIND","SIN","JED","TR","AKL","AUCKLAND","JED","JEDDAH","Discount Coach","2019","11","SIN","   ","   ","SQ","TR","  ","  ","1.26","831.92","1048","387.89","489"
"BEHIND","SIN","JED","TR","SUB","SURABAYA","JED","JEDDAH","Discount Coach","2019","11","SIN","   ","   ","MI","TR","  ","  ","0.66","339.52","224","288.06","190"
"BEHIND","SIN","JED","TR","SUB","SURABAYA","JED","JEDDAH","Discount Coach","2019","11","SIN","   ","   ","SQ","TR","  ","  ","0.65","343.25","223","288.06","187"
"BEHIND","SIN","JED","SV","BWN","BANDAR SERI BEGAWAN","JED","JEDDAH","Discount Coach","2019","11","SIN","   ","   ","BI","SV","  ","  ","0.03","1401.33","42","1415.88","42"
"LOCAL","SIN","JED","TR","SIN","SINGAPORE","JED","JEDDAH","Discount Coach","2019","12","   ","   ","   ","TR","  ","  ","  ","4710.77","323.36","1523284","323.36","1523274"
"LOCAL","SIN","JED","SV","SIN","SINGAPORE","JED","JEDDAH","Discount Coach","2019","12","   ","   ","   ","SV","  ","  ","  ","1379.02","419.54","578551","419.56","578580"
"BEHIND","SIN","JED","TR","KUL","KUALA LUMPUR","JED","JEDDAH","Discount Coach","2019","12","SIN","   ","   ","MI","TR","  ","  ","488.33","205.27","100241","197.27","96331"
"LOCAL","SIN","JED","SV","SIN","SINGAPORE","JED","JEDDAH","Business","2019","12","   ","   ","   ","SV","  ","  ","  ","300.94","935.18","281434","935.14","281421"
"BEHIND","SIN","JED","SV","CGK","JAKARTA","JED","JEDDAH","Discount Coach","2019","12","SIN","   ","   ","GA","SV","  ","  ","204.4","432.33","88369","386.06","78911"
"BEHIND","SIN","JED","TR","CGK","JAKARTA","JED","JEDDAH","Discount Coach","2019","12","SIN","   ","   ","TR","TR","  ","  ","52.66","347.36","18292","310.08","16329"
"BEHIND","SIN","JED","TR","SUB","SURABAYA","JED","JEDDAH","Discount Coach","2019","12","SIN","   ","   ","TR","TR","  ","  ","41.4","355.23","14707","299.17","12386"
"BEHIND","SIN","JED","TR","KUL","KUALA LUMPUR","JED","JEDDAH","Discount Coach","2019","12","SIN","   ","   ","SQ","TR","  ","  ","38.65","276.09","10671","265.26","10252"
"BEHIND","SIN","JED","TR","PEN","PENANG","JED","JEDDAH","Discount Coach","2019","12","SIN","   ","   ","MI","TR","  ","  ","26.28","702.62","18465","649.4","17066"
"BEHIND","SIN","JED","SV","CGK","JAKARTA","JED","JEDDAH","Business","2019","12","SIN","   ","   ","GA","SV","  ","  ","17.03","792.09","13489","707.19","12043"
"BEHIND","SIN","JED","TR","KUL","KUALA LUMPUR","JED","JEDDAH","Premium Coach","2019","12","SIN","   ","   ","MI","TR","  ","  ","14.99","688.16","10316","661.23","9912"
"BEHIND","SIN","JED","TR","PVG","SHANGHAI","JED","JEDDAH","Discount Coach","2019","12","SIN","   ","   ","SQ","TR","  ","  ","13.7","333.83","4573","219.97","3014"
"BEHIND","SIN","JED","TR","KUL","KUALA LUMPUR","JED","JEDDAH","Discount Coach","2019","12","SIN","   ","   ","MH","TR","  ","  ","13.56","41.49","563","39.87","541"
"BEHIND","SIN","JED","TR","RGN","YANGON","JED","JEDDAH","Discount Coach","2019","12","SIN","   ","   ","MI","TR","  ","  ","11.4","641.88","7317","508.32","5795"
"BEHIND","SIN","JED","TR","MEL","MELBOURNE","JED","JEDDAH","Discount Coach","2019","12","SIN","   ","   ","SQ","TR","  ","  ","10.6","560.56","5942","308.22","3267"
"BEHIND","SIN","JED","TR","CTU","CHENGDU","JED","JEDDAH","Discount Coach","2019","12","SIN","   ","   ","MI","TR","  ","  ","10.16","349.2","3548","242.23","2461"
"BEHIND","SIN","JED","TR","HKG","HONG KONG","JED","JEDDAH","Discount Coach","2019","12","SIN","   ","   ","SQ","TR","  ","  ","5.31","532.97","2830","395.44","2100"
"LOCAL","SIN","JED","TR","SIN","SINGAPORE","JED","JEDDAH","Premium Coach","2019","12","   ","   ","   ","TR","  ","  ","  ","5.31","756.53","4017","755.99","4014"
"BEHIND","SIN","JED","TR","CTU","CHENGDU","JED","JEDDAH","Premium Coach","2019","12","SIN","   ","   ","MI","TR","  ","  ","5.08","391.45","1989","271.54","1379"
"BEHIND","SIN","JED","TR","SYD","SYDNEY","JED","JEDDAH","Discount Coach","2019","12","SIN","   ","   ","TR","TR","  ","  ","4.85","654.96","3177","352.98","1712"
"BEHIND","SIN","JED","TR","MEL","MELBOURNE","JED","JEDDAH","Discount Coach","2019","12","SIN","   ","   ","TR","TR","  ","  ","4.74","650.51","3083","357.56","1695"
"BEHIND","SIN","JED","SV","MEL","MELBOURNE","JED","JEDDAH","Discount Coach","2019","12","SIN","   ","   ","SQ","SV","  ","  ","4.32","656.42","2836","360.85","1559"
"BEHIND","SIN","JED","SV","AKL","AUCKLAND","JED","JEDDAH","Business","2019","12","SIN","   ","   ","SQ","SV","  ","  ","4.15","1796.09","7454","837.79","3477"
"BEHIND","SIN","JED","TR","KUL","KUALA LUMPUR","JED","JEDDAH","Discount Coach","2019","12","SIN","   ","   ","TR","TR","  ","  ","4.02","322.46","1296","309.34","1244"
"BEHIND","SIN","JED","TR","KCH","KUCHING","JED","JEDDAH","Discount Coach","2019","12","SIN","   ","   ","TR","TR","  ","  ","3.87","305.77","1183","278.87","1079"
"BEHIND","SIN","JED","TR","DPS","DENPASAR BALI","JED","JEDDAH","Discount Coach","2019","12","SIN","   ","   ","TR","TR","  ","  ","3.72","359.29","1337","292.54","1088"
"BEHIND","SIN","JED","TR","BKK","BANGKOK","JED","JEDDAH","Discount Coach","2019","12","SIN","   ","   ","SQ","TR","  ","  ","3.62","177.04","641","148.48","537"
"BEHIND","SIN","JED","TR","MNL","MANILA","JED","JEDDAH","Discount Coach","2019","12","SIN","   ","   ","TR","TR","  ","  ","3.28","538.73","1767","407.32","1336"
"BEHIND","SIN","JED","TR","PEK","BEIJING","JED","JEDDAH","Discount Coach","2019","12","SIN","   ","   ","SQ","TR","  ","  ","3.22","389.57","1254","241.39","777"
"BEHIND","SIN","JED","TR","CTU","CHENGDU","JED","JEDDAH","Discount Coach","2019","12","SIN","   ","   ","CA","TR","  ","  ","2.51","391.27","982","271.54","682"
"BEHIND","SIN","JED","SV","BWN","BANDAR SERI BEGAWAN","JED","JEDDAH","Business","2019","12","SIN","   ","   ","BI","SV","  ","  ","2.47","1370.7","3386","1169.08","2888"
"BEHIND","SIN","JED","TR","KNO","MEDAN","JED","JEDDAH","Discount Coach","2019","12","SIN","   ","   ","MI","TR","  ","  ","2.41","1317.01","3174","1213.53","2925"
"BEHIND","SIN","JED","SV","MEL","MELBOURNE","JED","JEDDAH","Business","2019","12","SIN","   ","   ","SQ","SV","  ","  ","2.16","2416.52","5220","1328.42","2869"
"BEHIND","SIN","JED","TR","SGN","HO CHI MINH CITY","JED","JEDDAH","Discount Coach","2019","12","SIN","   ","   ","TR","TR","  ","  ","2.11","363.72","767","316.2","667"
"BEHIND","SIN","JED","TR","CKG","CHONGQING","JED","JEDDAH","Discount Coach","2019","12","SIN","   ","   ","MI","TR","  ","  ","2.07","711.4","1473","497.86","1031"
"BEHIND","SIN","JED","TR","CKG","CHONGQING","JED","JEDDAH","Premium Coach","2019","12","SIN","   ","   ","MI","TR","  ","  ","2.07","711.4","1473","497.86","1031"
"BEHIND","SIN","JED","TR","PVG","SHANGHAI","JED","JEDDAH","Premium Coach","2019","12","SIN","   ","   ","SQ","TR","  ","  ","1.71","224.36","384","147.63","252"
"BEHIND","SIN","JED","TR","PEK","BEIJING","JED","JEDDAH","Premium Coach","2019","12","SIN","   ","   ","SQ","TR","  ","  ","1.61","491.12","791","304.32","490"
"BEHIND","SIN","JED","TR","AKL","AUCKLAND","JED","JEDDAH","Discount Coach","2019","12","SIN","   ","   ","SQ","TR","  ","  ","1.3","1038.43","1350","484.34","630"
"BEHIND","SIN","JED","TR","SUB","SURABAYA","JED","JEDDAH","Discount Coach","2019","12","SIN","   ","   ","SQ","TR","  ","  ","1.18","352.21","416","298.94","353"
